,AA,H2O,ASA,ASAA,SA,HA
0.0,9.3828,0.0,0.0177,1.5e-05,1.0714,0.0177
0.52631425,8.15360564512,0.0,0.188403924573,0.0754030195288,1.73477260079,0.339182860429
1.0526285,7.44981315765,0.0,0.28312197141,0.227621913296,1.78329094539,0.73833966699
1.57894275,6.80074909439,0.0,0.330512630013,0.402765215739,1.7987197702,1.13601773273
2.105257,6.20425363727,0.0,0.355258782035,0.576491888832,1.81020441829,1.50821794674
2.63157125,5.6623418714,0.0,0.369125326044,0.739698208347,1.82086428067,1.84849777325
3.1578855,5.1725364143,0.0,0.377542695599,0.889648427431,1.83101588778,2.15681616015
3.68419975,4.73041721232,0.0,0.383080666444,1.02614135818,1.84067891968,2.43534051458
4.210514,4.34022819012,0.0,0.387725279951,1.15234629064,1.83192033728,2.69239541789
4.73682825,4.05784316794,0.0,0.389905566268,1.28833909153,1.68980644164,2.96656133221
5.2631425,3.80443911163,0.0,0.382995921004,1.41454678056,1.56672136146,3.21206709022
5.78945675,3.57776335556,0.0,0.371409554319,1.52998587583,1.45932822588,3.43135893762
6.315771,3.37493275586,0.0,0.35762139843,1.63489082676,1.36494675611,3.62738070532
6.84208525,3.19305075081,0.0,0.343023823233,1.73001196214,1.28143256066,3.8030254208
7.3683995,3.02945083919,0.0,0.328395137581,1.81627690957,1.20706391138,3.96092664818
7.89471375,2.88177133034,0.0,0.314161127683,1.89463126587,1.14044798798,4.1034013675
8.421028,2.74796903558,0.0,0.300543269004,1.965962217,1.08045343031,4.23244542626
8.94734225,2.62629103004,0.0,0.287644193808,2.03107202548,1.02615339931,4.34976598194
9.4736565,2.51523943421,0.0,0.275497604243,2.09067163393,0.9767829723,4.45681862203
9.99997075,2.41353504472,0.0,0.264097775618,2.1453844302,0.931706193045,4.5548443977
10.526285,2.320083824,0.0,0.253417172732,2.19575421842,0.890390507517,4.64490338207
11.05259925,2.23394813156,0.0,0.243417002368,2.24225421293,0.852387107936,4.72790321074
11.5789135,2.1543214719,0.0,0.234053476913,2.28529634397,0.817315182689,4.80462395663
12.10522775,2.0805077795,0.0,0.225281535444,2.32523955811,0.78484970634,4.87573845205
12.631542,2.01190404314,0.0,0.217056987827,2.36239724045,0.754711687692,4.94182927714
13.15785625,1.94798590538,0.0,0.209337702211,2.39704364331,0.726660383072,5.00340280473
13.6841705,1.88829568536,0.0,0.202084204921,2.42941941549,0.700487014351,5.06090085879
14.21048475,1.83243236722,0.0,0.195259919001,2.45973634786,0.676009649649,5.11471044417
14.736799,1.78004330418,0.0,0.188831195302,2.48818138411,0.653069044824,5.16517179912
15.26311325,1.73081730739,0.0,0.182767223117,2.51492001617,0.631525236894,5.21258509684
15.7894275,1.6844788394,0.0,0.177039872226,2.54009917601,0.611254723461,5.25721607107
16.31574175,1.6407831419,0.0,0.171623503536,2.56384968881,0.592148124444,5.29930073314
16.842056,1.59951209644,0.0,0.166494765146,2.58628837744,0.574108217165,5.33904937687
17.36837025,1.56047075442,0.0,0.161632393583,2.60751983964,0.557048303067,5.3766499343
17.8946845,1.5234843712,0.0,0.157017021425,2.62763797768,0.540890822994,5.41227084257
18.42099875,1.48839589987,0.0,0.152630999823,2.64672729789,0.525566194565,5.44606346553
18.947313,1.45506383377,0.0,0.148458233345,2.66486403529,0.511011817495,5.47816417778
19.47362725,1.42336026492,0.0,0.144484018865,2.68211717144,0.497171184749,5.50869623934
19.9999415,1.39316933924,0.0,0.140694914533,2.69854924565,0.483993176769,5.53777128699
20.52625575,1.36438592058,0.0,0.137078621584,2.71421705884,0.471431453533,5.56549062382
21.05257,1.33691435273,0.0,0.133623868597,2.7291723287,0.459443894326,5.59194641379
21.57888425,1.31066742879,0.0,0.130320313104,2.74346223604,0.447992132356,5.61722267608
22.1051985,1.28556548266,0.0,0.127158452288,2.75712990769,0.437041145811,5.64139616151
22.63151275,1.26153561905,0.0,0.124129545967,2.77021482627,0.426558911945,5.6645370952
23.157827,1.23851098864,0.0,0.12122554165,2.78275321724,0.416516082645,5.68670987554
23.68414125,1.21643014845,0.0,0.118439007119,2.79477839094,0.406885698803,5.70797369102
24.2104555,1.19523655353,0.0,0.115763076788,2.80632101448,0.397642963346,5.72838301026
24.73676975,1.17487806854,0.0,0.113191398847,2.81740937358,0.388765023831,5.74798805293
25.263084,1.15530657874,0.0,0.110718093168,2.82806958118,0.380230799258,5.76683516477
25.78939825,1.13647758344,0.0,0.108337706,2.83832579598,0.37202079976,5.78496720941
26.3157125,1.11834987142,0.0,0.106045173787,2.84820039696,0.364116982627,5.80242388131
26.84202675,1.10088522301,0.0,0.103835789571,2.85771414377,0.356502620398,5.81924199278
27.368341,1.08404814401,0.0,0.101705172711,2.86688632007,0.349162183124,5.83545573051
27.89465525,1.06780562734,0.0,0.099649241556,2.87573486204,0.342081233056,5.8510968852
28.4209695,1.05212693928,0.0,0.0976641887659,2.8842764737,0.335246330251,5.86619505759
28.94728375,1.03698343584,0.0,0.0957464600411,2.89252672604,0.328644951556,5.88077783534
29.473598,1.0223483856,0.0,0.0938927333794,2.90050015274,0.322265412492,5.89487096381
29.99991225,1.00819679284,0.0,0.0920998981493,2.90821034583,0.316096789449,5.90849851642
30.5262265,0.994505273194,0.0,0.0903650404956,2.91567002287,0.310128864882,5.92168301446
31.05254075,0.98125192598,0.0,0.0886854281937,2.92289109607,0.304352071155,5.93444555013
31.578855,0.968416218481,0.0,0.0870584968605,2.92988473491,0.298757439664,5.94680589799
32.10516925,0.955978880876,0.0,0.0854818373851,2.936661423,0.293336554659,5.95878261617
32.6314835,0.943921806321,0.0,0.0839531839125,2.94323101227,0.288081509374,5.97039314266
33.15779775,0.932227977114,0.0,0.0824704050105,2.94960276292,0.282984873578,5.98165386645
33.684112,0.920881372309,0.0,0.0810314924535,2.95578539355,0.278039653061,5.99258021648
34.21042625,0.909866899441,0.0,0.0796345529655,2.96178711812,0.273239259677,6.00318672744
34.7367405,0.899170328252,0.0,0.078277800169,2.96761568197,0.26857748228,6.0134871036
35.26305475,0.888778230001,0.0,0.0769595471935,2.97327839468,0.264048460124,6.02349427728
35.789369,0.878677921835,0.0,0.0756781998843,2.97878216031,0.259646658483,6.03322046243
36.31568325,0.868857415715,0.0,0.074432250556,2.98413350508,0.25536684628,6.0426772038
36.8419975,0.859305371492,0.0,0.0732202722394,2.98933860287,0.251204075529,6.0518754222
37.36831175,0.850011053724,0.0,0.0720409133791,2.99440329867,0.247153662438,6.06082545603
37.894626,0.840964291901,0.0,0.0708928929408,2.99933313014,0.243211169989,6.06953709961
38.42094025,0.832155443775,0.0,0.0697749958914,3.0041333476,0.239372391895,6.07801963852
38.9472545,0.823575361497,0.0,0.0686860690213,3.00880893237,0.235633337782,6.0862818822
39.47356875,0.815215360332,0.0,0.0676250170776,3.01336461379,0.231990219504,6.09433219408
39.999883,0.807067190081,0.0,0.0665907992276,3.01780488474,0.228439438642,6.10217851911
40.52619725,0.799123015106,0.0,0.0655824266009,3.02213401253,0.224977577762,6.10982840298
41.0525115,0.791375373755,0.0,0.0645989572208,3.02635606089,0.221601382696,6.11728903125
41.57882575,0.783817163973,0.0,0.0636394942337,3.03047489789,0.218307756235,6.12456724315
42.10514,0.776441621884,0.0,0.0627031832474,3.03449420748,0.215093748776,6.13166955222
42.63145425,0.769242301903,0.0,0.0617892098547,3.03841750039,0.211956549626,6.1386021655
43.1577685,0.762213068094,0.0,0.0608967985777,3.04224811878,0.208893483217,6.14537099182
43.68408275,0.755348044942,0.0,0.0600252066685,3.04598926302,0.205901987629,6.15198168922
44.210397,0.748641636112,0.0,0.0591737265125,3.04964398153,0.202979622753,6.15843964687
44.73671125,0.742088496727,0.0,0.0583416821447,3.0532151858,0.200124058194,6.16475001181
45.2630255,0.735683519396,0.0,0.0575284275041,3.056705658,0.197333067169,6.17091770234
45.78933975,0.729421821173,0.0,0.0567333448014,3.06011805814,0.194604520808,6.17694742065
46.315654,0.723298731355,0.0,0.0559558429932,3.06345493061,0.191936382831,6.18284366451
46.84196825,0.717309780071,0.0,0.0551953563524,3.06671871049,0.189326704562,6.18861073832
47.3682825,0.711450687607,0.0,0.05445134313,3.06991172926,0.186773620272,6.19425276334
47.89459675,0.705717354393,0.0,0.0537232843004,3.07303622033,0.184275342802,6.19977368733
48.420911,0.700105851621,0.0,0.0530106823844,3.07609432412,0.181830159474,6.20517729365
48.94722525,0.694612412447,0.0,0.0523130603442,3.07908809281,0.179436428249,6.21046720966
49.4735395,0.689233423726,0.0,0.051629960546,3.08201949492,0.177092574117,6.2156469147
49.99985375,0.68396541825,0.0,0.0509609437849,3.08489041944,0.17479708571,6.22071974761
50.526168,0.678805067453,0.0,0.0503055883675,3.08770267989,0.172548512122,6.22568891369
51.05248225,0.673749174543,0.0,0.049663489249,3.09045801797,0.17034545991,6.23055749135
51.5787965,0.66879466805,0.0,0.0490342572209,3.09315810718,0.168186590277,6.23532843831
52.10511075,0.663938595739,0.0,0.0484175181452,3.09580455601,0.166070616419,6.24000459748
52.631425,0.659178118878,0.0,0.0478129122326,3.09839891118,0.163996301021,6.24458870247
53.15773925,0.654510506833,0.0,0.0472200933626,3.10094266049,0.161962453903,6.24908338277
53.6840535,0.649933131971,0.0,0.0466387284403,3.10343723565,0.159967929793,6.25349116872
54.21036775,0.645443464846,0.0,0.0460684967906,3.10588401489,0.158011626229,6.25781449607
54.736682,0.641039068574,0.0,0.0455090894477,3.10828432599,0.156092481103,6.26205571145
55.26299625,0.6367175977,0.0,0.044960209015,3.11063944696,0.154209472169,6.26621707346
55.7893105,0.632476791072,0.0,0.0444215687641,3.11295060985,0.152361613935,6.27030075949
56.31562475,0.628314468985,0.0,0.043892892275,3.11521900236,0.150547956414,6.27430886853
56.841939,0.624228529544,0.0,0.043373912977,3.11744576981,0.148767583543,6.2782434246
57.36825325,0.620216945219,0.0,0.0428643737147,3.11963201698,0.147019611675,6.28210638016
57.8945675,0.61627775959,0.0,0.0423640263355,3.12177880993,0.145303188164,6.28589961915
58.42088175,0.612409084247,0.0,0.0418726312999,3.12388717766,0.143617490011,6.28962496003
58.947196,0.58912786523,0.024955999528,0.272356564728,2.88669865831,0.141614172159,6.54375805285
59.47351025,0.523672154504,0.0778723583682,0.854395279782,2.28729017071,0.139284978139,7.20927931132
59.9998245,0.425548061446,0.124513480355,1.52064886932,1.60329005818,0.137197491068,8.02454241576
60.52613875,0.308293972512,0.206649973754,2.16907088036,0.926704241278,0.134974434947,8.83705039383
61.052453,0.201058888653,0.277573821576,2.62731707827,0.444064140144,0.133240714707,9.44957089903
61.57876725,0.101312673702,0.631728003488,2.87021398271,0.103275580083,0.128611766572,9.66010912015
62.1050815,0.032514935951,1.18113641157,2.80247158172,0.0069052883237,0.122630409961,9.44184225854
62.63139575,0.00566669269062,1.89748025515,2.56853413633,0.000306163900101,0.116041589765,8.99370466621
63.15771,0.000690527842042,2.09356990711,2.43970560365,2.75076339242e-05,0.116187076165,9.01563078676
63.68402425,7.58275095727e-05,2.16989951001,2.32737706098,2.72953935242e-06,0.118149720212,9.16924971846
64.2103385,7.95044152399e-06,2.21318197292,2.22293902325,2.66384297315e-07,0.120510267187,9.3525913414
64.73665275,8.13222525583e-07,2.25429623872,2.12384232428,2.55008317432e-08,0.122749388243,9.52638096598
65.262967,8.07923113351e-08,2.29168632289,2.03373292365,2.38024973244e-09,0.124785368792,9.68439166461
65.78928125,7.78390199999e-09,2.3238523301,1.95621451311,2.16874357283e-10,0.126536855043,9.82032182761
66.3155955,7.35460213255e-10,2.34811171435,1.89775074565,1.96157190128e-11,0.127857811511,9.92283912748
66.84190975,6.77879694012e-11,2.3674280147,1.85119954499,1.74533278958e-12,0.128909610123,10.0044675056
67.368224,6.21887802225e-12,2.38433619516,1.8104517792,1.55286845494e-13,0.129830283363,10.0759194534
67.89453825,5.65787715799e-13,2.39954254297,1.77380533465,1.3741039251e-14,0.130658289543,10.1401796597
68.4208525,5.09399866027e-14,2.41327777577,1.74070419467,1.20592525336e-15,0.131406191548,10.19822311
68.94716675,4.56025547441e-15,2.42564034896,1.71091108726,1.05487002327e-16,0.132079350407,10.250465865
69.473481,4.03904995029e-16,2.43662476423,1.68443926307,9.14834554541e-18,0.132677466727,10.2968846895
69.99979525,3.51072399854e-17,2.44615024061,1.66148339967,7.8054992443e-19,0.133196141879,10.3371382129
70.5261095,3.0254728832e-18,2.4540323982,1.64248784231,6.62322333573e-20,0.133625336129,10.3704472677
71.05242375,2.57410472151e-19,2.46049339886,1.62691719331,5.56306963037e-21,0.133977146488,10.3977506834
71.578738,2.24790075241e-20,2.46586059506,1.61398255166,4.80759947972e-22,0.134269397733,10.4204318123
72.10505225,1.94988905492e-21,2.4703480594,1.60316801441,4.13284305677e-23,0.134513746404,10.4393952996
72.6313665,1.63924725535e-22,2.47411941924,1.59407924878,3.44748689632e-24,0.134719102227,10.455332615
73.15768075,1.35657513433e-23,2.47727648789,1.58647089042,2.8348177068e-25,0.134891009074,10.4686740094
73.683995,1.12937839253e-24,2.48001181227,1.57987891209,2.34718164865e-26,0.13503995138,10.4802331629
74.21030925,9.36442520716e-26,2.48230985608,1.57434075538,1.9371721877e-27,0.135165083174,10.4899444211
74.7366235,7.70784695036e-27,2.48435130606,1.56942097537,1.58795631642e-28,0.13527624309,10.4985713444
75.26293775,6.7687022616e-28,2.48605542833,1.56531413622,1.38983534617e-29,0.135369035059,10.5057727612
75.789252,5.73993337209e-29,2.48753970761,1.56173710632,1.17493046625e-30,0.135449856283,10.5120451479
76.31556625,4.74087816022e-30,2.48883989517,1.55860372714,9.6778480214e-32,0.135520653465,10.5175395849
76.8418805,3.90245638079e-31,2.49000043584,1.55580688912,7.94782161799e-33,0.135583846685,10.5224438909
77.36819475,3.17232032242e-32,2.49101532044,1.55336107407,6.44738458532e-34,0.135639108736,10.5267326718
77.894509,2.52979722383e-33,2.4919140958,1.55119507576,5.13205514752e-35,0.135688048481,10.5305307889
78.42082325,1.91901454404e-34,2.49269176844,1.54932092818,3.88642390482e-36,0.135730394021,10.5338171404
78.9471375,1.41371193764e-35,2.49337728031,1.54766888292,2.8589741382e-37,0.135767721281,10.5367140315
79.47345175,1.0270132746e-36,2.49400524089,1.54615553303,2.07427728606e-38,0.135801914795,10.5393677178
79.999766,7.34387114833e-38,2.49456121232,1.54481567293,1.4816072447e-39,0.135832188402,10.5417171866
80.52608025,5.22439112334e-39,2.49503601767,1.54367141853,1.05298436212e-40,0.135858042406,10.5437236572
81.0523945,3.71845650559e-40,2.49551459903,1.54251806417,7.48745265874e-42,0.135884102016,10.5457460847
81.57870875,2.59469934763e-41,2.49590799712,1.54156999673,5.22047511687e-43,0.135905523282,10.547408538
82.105023,1.82397351011e-42,2.49628478369,1.54066196209,3.66703905953e-44,0.135926040027,10.5490007929
82.63133725,1.23910980258e-43,2.49659067014,1.53992479276,2.4895473985e-45,0.135942696164,10.5502934325
83.1576515,8.40794852386e-45,2.49689604002,1.53918886834,1.68824891463e-46,0.135959324171,10.5515838891
83.68396575,5.74711939619e-46,2.49719283442,1.53847361037,1.15328569037e-47,0.13597548523,10.5528381066
84.21028,4.32230930007e-47,2.49745040241,1.53785288582,8.66947838722e-49,0.135989510358,10.5539265582
84.73659425,3.29063836351e-48,2.49770090063,1.53724919902,6.59689981715e-50,0.136003150526,10.5549851337
85.2629085,2.60177436987e-49,2.49792350533,1.53671273407,5.21360741453e-51,0.136015271851,10.5559258345
85.78922275,1.72990787972e-50,2.49812728805,1.53622162901,3.46497170954e-52,0.136026368294,10.5567869959
86.315537,9.55546333185e-52,2.49830901881,1.53578366793,1.91317244738e-53,0.136036263977,10.5575549683
86.84185125,5.27688272659e-53,2.49845640874,1.53542846633,1.05622857353e-54,0.136044289754,10.5581778205
87.3681655,2.91355058633e-54,2.49860889284,1.53506098806,5.82998666409e-56,0.136052592914,10.5588222001
87.89447975,1.60835904521e-55,2.4987523969,1.5347151512,3.21739173492e-57,0.136060407097,10.5594286311
88.420794,8.87691021926e-57,2.49886657366,1.53443999149,1.77535046692e-58,0.136066624368,10.5599111284
88.94710825,4.89866528019e-58,2.49897978313,1.53416716288,9.79492052502e-60,0.136072788968,10.5603895381
89.4734225,8.76127829076e-60,2.49908787871,1.53390665846,1.75101518669e-61,0.136078675108,10.5608463371
89.99973675,4.83352024854e-61,2.49922118661,1.53358539376,9.66071190111e-63,0.136085934091,10.5614096803
90.526051,8.63449544571e-63,2.49929962973,1.53339635011,1.7244567562e-64,0.136090205612,10.5617411716
91.05236525,1.54189909018e-64,2.49938954622,1.53317965628,3.08758854142e-66,0.136095101872,10.5621211479
91.5786795,2.75220740712e-66,2.49946640066,1.53299444127,5.43675497266e-68,0.136099286885,10.5624459255
92.10499375,4.91097423264e-68,2.49957441654,1.53273412894,1.03215011933e-69,0.136105168678,10.5629023877
92.631308,8.75796913342e-70,2.49963883675,1.53257887971,1.31345129405e-71,0.136108676628,10.5631746198
93.15762225,1.56140589342e-71,2.49971843363,1.53238705556,6.80512475429e-73,0.136113010967,10.5635109867
93.6839365,2.78263914926e-73,2.49978716945,1.53222140597,-2.56839892824e-74,0.136116753904,10.5638014561
94.21025075,4.95744452444e-75,2.49985890491,1.5320485274,2.74506851981e-75,0.136120660176,10.5641046015
94.736565,8.82875799347e-77,2.49991343311,1.5319171174,-2.2237696749e-76,0.136123629487,10.5643350312
95.26287925,1.57190678902e-78,2.4999650628,1.5317926926,1.90166475095e-77,0.13612644097,10.5645532121
95.7891935,2.79801530848e-80,2.50002120922,1.53165738277,-1.60752378226e-78,0.136129498393,10.5647904801
96.31550775,4.97905833866e-82,2.50006158362,1.5315600826,1.36214867277e-79,0.136131697008,10.5649610975
96.841822,8.85844467345e-84,2.50009670115,1.5314754512,-1.15362672131e-80,0.136133609377,10.5651095
97.36813625,1.5757542003e-85,2.50012142653,1.53141586429,9.77121190283e-82,0.13613495588,10.5652139865
97.8944505,2.80267126392e-87,2.50015221579,1.53134166377,-8.2759386037e-83,0.136136632567,10.5653440982
98.42076475,4.98413347852e-89,2.50017912901,1.53127680432,7.00944960798e-84,0.136138098198,10.5654578302
98.947079,8.8624226521e-91,2.50020760495,1.53120817876,-5.93670992878e-85,0.13613964892,10.5655781662
99.47339325,1.57565988143e-92,2.5002457791,1.53111618109,5.02808068865e-86,0.136141727721,10.5657394856
99.9997075,2.80094782668e-94,2.50030207911,1.53098050112,-4.25843944156e-87,0.136144793499,10.5659774027
100.52602175,4.9776039461e-96,2.50034168004,1.53088506497,3.60655229377e-88,0.136146949988,10.5661447515
101.052336,8.84412800028e-98,2.5003834458,1.53078441173,-3.05441227237e-89,0.136149224354,10.5663212485
101.57865025,1.57112530413e-99,2.50043718669,1.53065489907,2.58675418481e-90,0.136152150782,10.5665483511
102.1049645,2.79028367558e-101,2.50048006745,1.53055155874,-2.19066428463e-91,0.136154485859,10.5667295601
102.63127875,4.95422862428e-103,2.50048996423,1.53052770793,1.85521454087e-92,0.136155024914,10.5667713827
103.157593,8.79618968394e-105,2.50051774349,1.53046076136,-1.57111746709e-93,0.136156537692,10.5668887745
103.68390725,1.56153146121e-106,2.50053796087,1.5304120385,1.33051534428e-94,0.136157638715,10.5669742108
104.2102215,2.77183876326e-108,2.50056286431,1.53035202248,-1.12674963819e-95,0.136158994899,10.5670794497
104.73653575,4.91965614933e-110,2.50058963302,1.5302875113,9.54181339055e-97,0.136160452649,10.5671925711
105.26285,8.73061257331e-112,2.50061433006,1.5302279927,-8.08035754718e-98,0.136161797592,10.5672969378
105.78916425,1.54917515975e-113,2.50063439365,1.53017964045,6.84269289558e-99,0.136162890238,10.5673817242
106.3154785,2.74862655587e-115,2.5006560477,1.53012745531,-5.79455710266e-100,0.136164069485,10.5674732316
106.84179275,4.87628906468e-117,2.50068304133,1.53006240205,4.90692534947e-101,0.136165539478,10.5675873034
107.368107,8.64977551659e-119,2.50070638796,1.53000613789,-4.15522924646e-102,0.136166810886,10.5676859635
107.89442125,1.53414900976e-120,2.50072304371,1.52996599834,3.51866407506e-103,0.136167717967,10.5677563487
108.4207355,2.72078770126e-122,2.5007380593,1.52992981151,-2.97960219114e-104,0.136168535737,10.5678198028
108.94704975,4.82495471188e-124,2.50075720354,1.52988367486,2.5231085732e-105,0.136169578317,10.567900704
109.473364,8.55569665352e-126,2.50078148675,1.52982515358,-2.13653498762e-106,0.13617090072,10.568003322
109.99967825,1.51691565618e-127,2.50079682452,1.52978819031,1.80917885241e-107,0.13617173603,10.5680681376
110.5259925,2.68929619212e-129,2.50081683938,1.52973995552,-1.5319692675e-108,0.136172826014,10.568152718
111.05230675,4.76731535312e-131,2.50083619143,1.52969331805,1.29722594183e-109,0.136173879906,10.5682344974
111.578621,8.45033868639e-133,2.50086363656,1.52962717672,-1.0984421873e-110,0.136175374477,10.5683504773
112.10493525,1.49762498337e-134,2.5008685917,1.529615235,9.30116713462e-112,0.136175644436,10.5683714171
112.6312495,2.65424525685e-136,2.50090386343,1.52953023201,-7.87577084816e-113,0.136177565174,10.5685204712
113.15756375,4.70320345459e-138,2.50092025441,1.52949073058,6.66876943915e-114,0.136178457828,10.5685897375
113.683878,8.33323228957e-140,2.50093827463,1.52944730274,-5.64671173971e-115,0.136179439197,10.5686658888
114.21019225,1.47636022739e-141,2.50095086578,1.52941695868,4.78127220471e-116,0.136180124944,10.5687190975
114.7365065,2.61544932792e-143,2.50096545182,1.52938180704,-4.04845332989e-117,0.136180919315,10.5687807364
115.26282075,4.63301272841e-145,2.50096980739,1.52937131026,3.42794523822e-118,0.136181156622,10.5687991425
115.789135,8.20674003964e-147,2.50097265731,1.52936444201,-2.90253949771e-119,0.136181311944,10.5688111859
116.31544925,1.45372158179e-148,2.50099013662,1.52932231776,2.45765038742e-120,0.136182263855,10.5688850514
116.8417635,2.57484883135e-150,2.50100170778,1.52929443182,-2.08094281724e-121,0.136182894059,10.5689339497
117.36807775,4.56040481711e-152,2.50102143559,1.5292468888,1.7619654084e-122,0.136183968402,10.5690173171
117.894392,8.07621798781e-154,2.50103166626,1.52922223337,-1.49187625519e-123,0.136184525613,10.5690605506
118.42070625,1.43017229295e-155,2.50103708236,1.52920918076,1.26318590577e-124,0.136184820663,10.5690834385
118.9470205,2.53267641721e-157,2.50107744368,1.52911191214,-1.06953859029e-125,0.136187018527,10.5692540006
119.47333475,1.83949874107e-158,2.50135170085,1.52845096768,5.70623429192e-128,0.136201952332,10.5704129785
119.999649,1.33665983409e-159,2.50200980249,1.52686497958,-1.65156509068e-130,0.136237786983,10.5731940373
120.52596325,1.08658238744e-160,2.50311935672,1.52419101609,-1.07333388542e-132,0.136298203831,10.5778828807
121.0522775,9.45284769802e-162,2.5047696256,1.52021396064,-1.84018133183e-134,0.136388063316,10.5848567196
121.57859175,7.6977883373e-163,2.50704946262,1.51471968134,-1.00307374789e-136,0.13651220363,10.594491038
122.104906,6.22530927185e-164,2.51012577887,1.50730593181,-6.3411179615e-140,0.136679713305,10.6074911823
122.63122025,5.07647908358e-165,2.5139489702,1.49809225526,1.12293501765e-142,0.136887891329,10.6236475315
123.1575345,4.25853985613e-166,2.51846125184,1.48721790976,4.18433045456e-145,0.137133591243,10.6427158937
123.68384875,3.56262338764e-167,2.52369746643,1.4745989265,2.33309711894e-147,0.137418710276,10.66484351
124.210163,2.96688623722e-168,2.5294922007,1.46063394218,1.0289516289e-149,0.137734241454,10.6893313636
124.73647725,2.44416242992e-169,2.53581508908,1.4453961361,3.39520616989e-152,0.138078531331,10.7160511334
125.2627915,2.003634472e-170,2.5425588844,1.42914396794,1.17003084203e-154,0.138445740155,10.7445496054
125.78910575,1.60012194311e-171,2.54975580266,1.4117997989,-3.30393084751e-158,0.138837622131,10.7749629208
126.31542,1.27378350551e-172,2.55724608502,1.39374863889,1.53181481021e-161,0.139245478174,10.8066159578
126.84173425,1.01013113475e-173,2.5650005786,1.37506074466,-1.71835275219e-166,0.139667720873,10.8393855198
127.3680485,7.9634149341e-175,2.57292213337,1.35597024234,-8.82394720682e-171,0.140099060277,10.8728610623
127.89436275,6.24078411926e-176,2.58098447779,1.33654044488,-8.41517161319e-175,0.140538065866,10.9069315651
128.420677,4.86158603324e-177,2.58915722679,1.31684457856,-2.62997068712e-179,0.140983083133,10.9414686244
128.94699125,3.76445655859e-178,2.59743295469,1.29690053888,6.09946882226e-180,0.141433707738,10.9764408603
129.4733055,2.89722326956e-179,2.60575481159,1.27684533091,4.61825367111e-181,0.141886844129,11.0116080318
129.99961975,2.21606197775e-180,2.61404621384,1.25686351692,3.46519156046e-182,0.142338322224,11.0466465055
130.525934,1.68469257214e-181,2.62232348728,1.23691575257,2.58360039178e-183,0.142789030985,11.0816252727
131.05224825,1.27289162638e-182,2.63055052411,1.21708905564,1.91423586895e-184,0.143237004296,11.1163917459
131.5785625,9.55903999351e-184,2.63873115793,1.19737418738,1.40947422623e-185,0.143682450899,11.1509621255
132.10487675,7.13466364212e-185,2.64675487418,1.17803748162,1.03156285786e-186,0.144119353131,11.1848693902
132.631191,5.29366139311e-186,2.65473637142,1.15880252131,7.50423239555e-188,0.144553956481,11.2185982425
133.15750525,3.90444610299e-187,2.66254053832,1.13999491717,5.4275043318e-189,0.144978903956,11.251577718
133.6838195,2.86325527555e-188,2.67028031501,1.12134248982,3.90268518948e-190,0.145400345297,11.2842850882
134.21013375,2.08778463523e-189,2.6778749415,1.10303986629,2.79055272258e-191,0.145813883015,11.316379071
134.736448,1.51391234834e-190,2.68530856688,1.08512524643,1.98460323756e-192,0.146218654006,11.3477926823
135.26276225,1.09182981918e-191,2.69264078743,1.06745500648,1.40380320198e-193,0.146617903368,11.378777769
135.7890765,7.83247933559e-193,2.69983607271,1.05011477285,9.87804823136e-195,0.147009696421,11.4091841836
136.31539075,5.58966073287e-194,2.70689877211,1.03309406377,6.91547377168e-196,0.147394269994,11.4390303061
136.841705,3.96079579811e-195,2.71384427988,1.01635577992,4.80747346489e-197,0.147772462326,11.4683811909
137.36801925,2.78939697641e-196,2.7206588216,0.999933116908,3.32174760341e-198,0.14814352338,11.4971786287
137.8943335,1.95248039806e-197,2.72731207098,0.983899159365,2.28162404898e-199,0.14850580185,11.5252944645
138.42064775,1.35889684327e-198,2.73384623517,0.968152190439,1.55844905726e-200,0.148861595971,11.5529070605
138.946962,9.40388599148e-200,2.74024639997,0.952728152545,1.05856481078e-201,0.149210093645,11.5799533911
139.47327625,6.47249914912e-201,2.74652863209,0.93758832577,7.15206038334e-203,0.149552169727,11.6065013523
139.9995905,4.42961885937e-202,2.75264126647,0.922857220023,4.80590446865e-204,0.149885010983,11.6323326138
140.52590475,2.93698809426e-203,2.75858489811,0.908533401415,3.12918699915e-205,0.150208649814,11.6574496899
141.052219,1.99366493715e-204,2.76433234483,0.894682377436,2.08713264461e-206,0.150521606112,11.681737712
141.57853325,1.3475165178e-205,2.77000870777,0.881002661371,1.38602478496e-207,0.150830691802,11.7057253425
142.1048475,9.06879512716e-207,2.77554968409,0.867649219447,9.16641246379e-209,0.15113240551,11.7291408455
142.63116175,6.15432412898e-208,2.78093302764,0.85467566366,6.11599732887e-210,0.151425535901,11.7518902112
143.157476,4.15647656757e-209,2.786268484,0.841817513325,4.05996288006e-211,0.15171605877,11.7744372113
143.68379025,2.77181497815e-210,2.79148800596,0.829238758368,2.6608750143e-212,0.152000268855,11.7964942865
144.2101045,1.8398258094e-211,2.79657820789,0.816971657432,1.73655839804e-213,0.152277437291,11.8180048708
144.73641875,1.21647980141e-212,2.80160582524,0.804855381832,1.12896464933e-214,0.152551197912,11.8392509801
145.262733,8.01169127106e-214,2.80653065848,0.792986810154,7.31158036464e-216,0.1528193618,11.8600627361
145.78904725,5.25619956305e-215,2.81132134681,0.781441520174,4.71816004053e-217,0.153080221317,11.8803076117
146.3153615,3.50408633148e-216,2.81602038171,0.770117109818,3.09526116089e-218,0.153336090182,11.9001651709
146.84167575,2.32128948049e-217,2.82065344235,0.758951693708,2.01702770317e-219,0.15358836666,11.9197439308
147.36799,1.52254967414e-218,2.82516511384,0.748078818656,1.30160728975e-220,0.153834033335,11.9388097147
147.89430425,9.90836161475e-220,2.82958157906,0.737435385354,8.33520414416e-222,0.154074515901,11.9574731682
148.4206185,6.39758904914e-221,2.83389737506,0.727034559246,5.29672847824e-223,0.154309516892,11.9757112057
148.94693275,4.10457804729e-222,2.83813387813,0.716824824613,3.34496446209e-224,0.154540200277,11.9936141607
149.473247,2.61545524082e-223,2.8422762356,0.706841975629,2.09828280242e-225,0.154765757307,12.0111192677
149.99956125,1.61804332046e-224,2.84628004139,0.697193028386,1.27837278198e-226,0.154983770012,12.0280388719
150.5258755,9.97763914416e-226,2.85028460488,0.687542255128,7.76222309e-228,0.155201823974,12.044961678
151.05218975,6.23549515141e-227,2.8541681763,0.678183065989,4.77754153369e-229,0.155413289755,12.0613731861
151.578504,3.88003748536e-228,2.85791744443,0.669147540221,2.9287937931e-230,0.155617442542,12.0772171446
152.10481825,2.40618186398e-229,2.86160391821,0.660263345315,1.78962573372e-231,0.155818176092,12.0927957417
152.6311325,1.48703005926e-230,2.86521483904,0.651561228774,1.08990466094e-232,0.156014795682,12.108055061
153.15744675,9.15741168904e-232,2.86871520822,0.643125535509,6.61602225139e-234,0.156205395586,12.1228472023
153.683761,5.62314643596e-233,2.87214391392,0.634862547199,4.005226429e-235,0.156392093317,12.1373365024
154.21007525,3.44810010739e-234,2.87548498708,0.626810748396,2.42188471434e-236,0.156574019338,12.1514554777
154.7363895,2.11142890314e-235,2.87874568593,0.618952647155,1.46269117608e-237,0.156751568871,12.1652348009
155.26270375,1.29223304564e-236,2.88191741629,0.611308955002,8.83135314295e-239,0.156924273948,12.1786381539
155.789018,7.90880496028e-238,2.88500624951,0.60386504028,5.33343146167e-240,0.157092465166,12.1916911935
156.31533225,4.91470795021e-239,2.88800218581,0.596645001949,3.27061427678e-241,0.15725559802,12.2043516618
156.8416465,3.03740410982e-240,2.89090390298,0.589652026399,1.9952262925e-242,0.157413600517,12.2166139713
157.36796075,1.86922398487e-241,2.89372006743,0.582865228122,1.21236440344e-243,0.157566944552,12.2285147453
157.894275,1.12637486504e-242,2.89642401799,0.576348859018,7.2167540258e-245,0.15771417839,12.2399413168
158.42058925,6.76046860244e-244,2.89902421646,0.57008252661,4.28008756741e-246,0.157855762788,12.2509294444
158.9469035,4.02284544202e-245,2.90154926947,0.563997290561,2.51709377752e-247,0.157993255414,12.2616000163
159.47321775,2.68989955765e-246,2.90400310418,0.558083686609,1.66473475945e-248,0.158126870107,12.2719696282
159.999532,1.8111661807e-247,2.90639203902,0.552326487706,1.10861249454e-249,0.158256950915,12.2820649809
160.52584625,1.2087461076e-248,2.90867720859,0.546819357278,7.31705386597e-251,0.158381381565,12.2917218341
161.0521605,8.03136029466e-250,2.91091744641,0.541420509841,4.80926037089e-252,0.15850336562,12.301188811
161.57847475,5.30779495594e-251,2.9130842477,0.536198640303,3.14485244252e-253,0.158621350958,12.310345454
162.104789,3.49856713067e-252,2.91521165077,0.531071718278,2.05135173605e-254,0.158737191009,12.3193356048
162.63110325,2.30115669603e-253,2.9172707412,0.526109425892,1.33556085873e-255,0.158849311344,12.3280370746
163.1574175,1.51198693009e-254,2.91927683467,0.521274853193,8.68801840946e-257,0.158958545924,12.3365145856
163.68373175,9.35888310794e-256,2.92121442257,0.516605375055,5.32344992693e-258,0.159064050283,12.3447026002
164.210046,5.70445754608e-257,2.92308571157,0.512095673561,3.21378173398e-259,0.159165944578,12.3526104436
164.73636025,3.43317467528e-258,2.92489420404,0.507737308185,1.91622954356e-260,0.159264419517,12.3602529163
165.2626745,2.04588868171e-259,2.9266446704,0.503518782456,1.13160243761e-261,0.159359734857,12.3676501777
165.78898875,1.20630844249e-260,2.92834358972,0.499424482219,6.61368023356e-263,0.15945224339,12.3748296075
166.315303,7.08855405097e-262,2.92998069679,0.495479146035,3.85305412278e-264,0.159541386163,12.3817478261
166.84161725,4.15282045997e-263,2.9315580604,0.491677788222,2.23861116337e-265,0.159627275824,12.3884135759
167.3679315,2.43120160894e-264,2.93307492292,0.488022234636,1.30011000909e-266,0.15970987112,12.3948236555
167.89424575,1.42541171987e-265,2.93453793674,0.484496453413,7.56372332313e-268,0.159789534281,12.4010061768
168.42056,8.55444520194e-267,2.93594926021,0.481095243021,4.50520327795e-269,0.159866382832,12.4069702609
168.94687425,5.12888521172e-268,2.93730385786,0.477830738679,2.68134716597e-270,0.159940142587,12.4126946285
169.4731885,3.04349543493e-269,2.93860087598,0.474704997766,1.5799380387e-271,0.160010767058,12.4181756718
169.99950275,1.80087356714e-270,2.93984606375,0.471704165068,9.28405775206e-273,0.160078569297,12.4234376864
170.525817,1.06481277282e-271,2.94103092663,0.468848712003,5.45398088876e-274,0.160143086764,12.4284447751
171.05213125,6.31630629579e-273,2.94216365405,0.466118902432,3.21538472119e-275,0.160204765386,12.4332315457
171.5784455,3.72213711562e-274,2.94323728423,0.463531513908,1.88332893854e-276,0.160263226082,12.4377685783
172.10475975,2.17159118841e-275,2.94427853452,0.461022159107,1.09233582278e-277,0.16031992365,12.4421687775
172.631074,1.24600440712e-276,2.94525816481,0.458661305044,6.23259812115e-279,0.160373265926,12.4463085779
173.15738825,7.04361242488e-278,2.94617733446,0.456446157729,3.50482478134e-280,0.160423316039,12.4501928788
173.6837025,3.86933408569e-279,2.94703281636,0.454384494331,1.91573459097e-281,0.160469898267,12.4538080429
174.21001675,2.0191223592e-280,2.94782633242,0.452472165097,9.94868361755e-283,0.160513106373,12.4571613469
174.736331,1.00136067613e-281,2.94855521362,0.450715602268,4.91224398578e-284,0.160552795023,12.4602415116
175.26264525,4.91058224205e-283,2.94922972596,0.449090065331,2.39974076555e-285,0.160589523215,12.46309192
175.7889595,2.29956230378e-284,2.94984324512,0.447611518547,1.11972080936e-286,0.160622930247,12.4656845786
176.31527375,1.05892371798e-285,2.95040141428,0.446266362154,5.13932179558e-288,0.160653323396,12.4680433346
176.841588,4.57054034437e-287,2.95090996703,0.445040778503,2.21123339643e-289,0.160681014865,12.4701924177
177.36790225,2.03923887284e-288,2.95137502615,0.443920012062,9.84271572705e-291,0.160706338047,12.4721577019
177.8942165,9.30290404533e-290,2.9518005294,0.442894573059,4.47889190834e-292,0.160729507358,12.4739558278
178.42053075,4.09642390867e-291,2.95218850702,0.441959568721,1.96754813949e-293,0.160750633348,12.4755953747
178.946845,1.8491905227e-292,2.95254155146,0.441108751383,8.8640902826e-295,0.160769857179,12.4770872983
179.47315925,8.15550216548e-294,2.95286621354,0.440326333943,3.90170477254e-296,0.160787535552,12.4784592814
179.9994735,3.74686040592e-295,2.95316503245,0.439606197084,1.78941240332e-297,0.16080380673,12.4797220543
180.52578775,1.66234270226e-296,2.95343658498,0.438951770663,7.92675852706e-299,0.160818593217,12.4808696029
181.052102,7.32323286686e-298,2.95368359414,0.438356492404,3.48693172711e-300,0.160832043283,12.481913434
181.57841625,3.01876385067e-299,2.95390942371,0.437812255751,1.43531743224e-301,0.160844340093,12.4828677627
182.1047305,1.21886274632e-300,2.95411947142,0.437306052493,5.78855047203e-303,0.160855777559,12.4837553992
182.63104475,5.06897166532e-302,2.95431228274,0.436841387982,2.40467381485e-304,0.16086627648,12.4845701968
183.157359,1.41925490855e-303,2.95449137809,0.436409778167,6.7236180973e-306,0.160876028547,12.4853270323
183.68367325,3.97245932875e-305,2.95465587241,0.436013356044,1.88039494919e-307,0.160884985569,12.4860221656
184.2099875,1.11154902268e-306,2.95480791443,0.435646943252,5.25667089198e-309,0.160893264546,12.486664677
184.73630175,3.10940746919e-308,2.95494769169,0.435310087832,1.46932859417e-310,0.16090087569,12.487255359
185.262616,8.69593392697e-310,2.95507675296,0.434999057371,4.10608549761e-312,0.160907903333,12.4878007565
185.78893025,2.43138007154e-311,2.95519591151,0.434711891878,1.14727150284e-313,0.160914391761,12.4883043063
186.3152445,6.79665807693e-313,2.95530718369,0.434443732124,3.20498767874e-315,0.160920450764,12.4887745292
186.84155875,1.89954695868e-314,2.95540971359,0.434196640748,8.95206535695e-317,0.160926033739,12.4892078083
187.367873,5.30791200417e-316,2.95550559336,0.433965575827,2.50007592174e-318,0.160931254604,12.4896129847
187.89418725,-8.4364821641e-318,2.95559459909,0.433751076962,-3.97426405515e-320,0.160936101168,12.4899891123
188.4205015,1.34153644815e-319,2.95567712245,0.433552200235,6.32404026677e-322,0.160940594759,12.4903378461
188.94681575,-2.13930424649e-321,2.95575543765,0.433363464939,-9.88131291682e-324,0.16094485921,12.4906687968
189.47313,2.96439387505e-323,2.9558284211,0.433187578879,0.0,0.160948833338,12.4909772161
189.99944425,0.0,2.95590048449,0.433013910081,0.0,0.160952757369,12.4912817474
190.5257585,0.0,2.95596651236,0.432854786567,0.0,0.160956352757,12.4915607732
191.05207275,0.0,2.95602612207,0.432711130454,0.0,0.160959598668,12.4918126767
191.578387,0.0,2.95608311475,0.432573781239,0.0,0.160962702077,12.492053521
192.10470125,0.0,2.95613715476,0.432443547794,0.0,0.160965644709,12.4922818876
192.6310155,0.0,2.95618797569,0.432321072152,0.0,0.160968412058,12.4924966508
193.15732975,0.0,2.95623479798,0.43220823299,0.0,0.160970961676,12.4926945162
193.683644,0.0,2.95627996161,0.432099391118,0.0,0.160973420977,12.4928853723
194.20995825,0.0,2.95632368872,0.431994011178,0.0,0.160975802057,12.4930701578
194.7362725,0.0,2.95636409941,0.431896623635,0.0,0.160978002554,12.4932409285
195.26258675,0.0,2.95640125439,0.431807082172,0.0,0.160980025772,12.493397941
195.788901,0.0,2.9564379487,0.431718650873,0.0,0.160982023906,12.4935530068
196.31521525,0.0,2.9564720789,0.431636398954,0.0,0.160983882421,12.4936972369
196.8415295,0.0,2.95650454399,0.431558159843,0.0,0.160985650268,12.4938344305
197.36784375,0.0,2.95653583908,0.431482740381,0.0,0.160987354407,12.4939666798
197.894158,0.0,2.95656510206,0.4314122182,0.0,0.160988947894,12.4940903417
198.42047225,0.0,2.95659267907,0.43134575909,0.0,0.160990449579,12.4942068788
198.9467865,0.0,2.95661986479,0.431280242983,0.0,0.160991929956,12.4943217624
199.47310075,0.0,2.95664573501,0.431217897137,0.0,0.160993338703,12.4944310869
199.999415,0.0,2.95666852773,0.431162967897,0.0,0.160994579875,12.4945274062
200.52572925,0.0,2.95669205621,0.431106265545,0.0,0.16099586111,12.4946268347
201.0520435,0.0,2.95671512442,0.431050672391,0.0,0.160997117283,12.4947243182
201.57835775,0.0,2.95673521884,0.431002245898,0.0,0.160998211529,12.4948092349
202.104672,0.0,2.95675554989,0.430953249158,0.0,0.160999318659,12.4948951514
202.63098625,0.0,2.95677449776,0.430907585803,0.0,0.161000350473,12.4949752229
203.1573005,0.0,2.95679245304,0.430864314544,0.0,0.161001328239,12.4950510997
203.68361475,0.0,2.95680979571,0.43082251961,0.0,0.161002272648,12.4951243878
204.209929,0.0,2.95682592556,0.430783647519,0.0,0.161003151016,12.4951925506
204.73624325,0.0,2.95684133897,0.43074650201,0.0,0.161003990374,12.4952576858
205.2625575,0.0,2.9568569596,0.430708857136,0.0,0.161004841014,12.4953236967
205.78887175,0.0,2.95687164862,0.430673457365,0.0,0.161005640927,12.4953857707
206.315186,0.0,2.95688602641,0.430638807639,0.0,0.161006423892,12.4954465296
206.84150025,0.0,2.95689991884,0.430605327605,0.0,0.16100718043,12.4955052373
207.3678145,0.0,2.95691274759,0.430574410978,0.0,0.161007879048,12.4955594501
207.89412875,0.0,2.95692476997,0.430545437661,0.0,0.161008533758,12.4956102552
208.420443,0.0,2.95693679787,0.430516451048,0.0,0.161009188768,12.4956610837
208.94675725,0.0,2.95694799912,0.430489456611,0.0,0.161009798766,12.4957084188
209.4730715,0.0,2.95695871319,0.43046363625,0.0,0.161010382236,12.4957536952
209.99938575,0.0,2.95696896635,0.430438926649,0.0,0.161010940609,12.4957970239
210.5257,0.0,2.9569787832,0.430415268551,0.0,0.161011475224,12.4958385087
