,180,181,182,183,184,185,186,187,188,189,190,191,192,193,194,195,196,197,198,199,200,201,202,203,204,205,206,207,208,209,210,211,212,213,214,215,216,217,218,219,220,221,222,223,224,225,226,227,228,229
0.0,0.009635815280046825,0.01960791947866666,0.025703455673493147,0.028753633087314986,0.02581390892826245,0.01905335180504289,0.013858674662763063,0.0063901514152135885,0.0022703544320146767,0.000382180712071615,0.0007638855583821799,0.002054620478665846,0.0003675040561303848,0.0002474773932045229,0.0011763952455021976,0.0003057236083197065,-0.0005602526068659351,-0.0012713926077959612,-0.0005090905750536386,-5.2356001797261516e-05,-7.991299697418522e-05,-0.0006417660005088405,-0.0005828646063572526,0.0007740589748529422,0.002829983930663925,0.0009336309151017113,0.00018643385179459578,0.00022594608346742574,-7.1889294857518536e-06,0.00016676668848377243,0.0005211123949758118,-0.0009217409887124507,-0.0006160223981511322,0.0008802289446074767,0.0011084855319585902,0.0008198728633071994,-0.0008520396351157535,0.001104395965761044,0.0006736135268581574,-0.001960396285793934,-0.0008621806635491054,-0.00043042295408856224,-0.0011334051540790432,0.00077547405334788,0.00012190519380301815,0.0009033014111409335,-0.0009371219582808559,-0.0006598301227765569,0.0005515765102784319,0.0007669569101777739
0.2,0.00886778185809029,0.013932011584040093,0.018415678401865865,0.02164014889823766,0.018087274447968198,0.014756907284828966,0.008688455468616234,0.006503624722725094,0.00446283010245233,0.0036808784346748368,0.003978300021888269,0.004252551575357319,0.0014224020384184012,0.0022701959158351287,-0.0011379573054795889,-0.0005261486580144515,9.584508549634595e-05,-0.0009863126712041652,-4.021894157241414e-05,0.0011455873339401427,0.0011311555596935131,0.0007442427227228001,4.616286664246617e-05,0.0007049898239287469,-0.0005802570977987173,-0.0004128137816200101,1.4346330914402335e-05,-0.0019177914918402882,0.0017843379530695092,0.0008415475423006808,-0.00044125927242986285,-0.0010775525890968111,-0.0002615120956840974,0.0001886850142532245,0.00085761290696219,0.000754344791271055,-0.0015176750115426848,0.0007981496254077563,0.0030725949313652173,0.00037801062502999756,-0.0007016764970625954,-0.0009940829980545785,1.2320027081266189e-05,-0.0027732451725558556,-0.00021634632360839103,-5.591363855123949e-05,-0.0004766094763250363,-0.0009155975126361938,-0.00024165523842549304,0.0008204904386081684
0.4,0.007380119591318751,0.010954923156932254,0.017278726086380886,0.01692154940160705,0.017514057491198762,0.012439148510795263,0.007082694834054813,0.007969781251619238,0.0056484842545449394,0.007007950861746675,0.005075382252362638,0.007244764675013711,0.004517058692024981,0.003518564254466559,0.001920435344825837,0.0006130244305317743,0.0007728721017179346,0.00017056737732937155,0.0006627658988320032,0.00022460992492902193,-0.0002391312674838189,0.00012005712190690973,-0.0013557425437792777,0.0005611837015921384,-0.0002613628989576585,0.0006789414563121471,0.0016277833955558466,1.5325711016740374e-05,-0.000434647485882033,-0.0015611156374142478,-0.0004029814675180271,-0.0004720288709246041,0.0012321714251318928,0.0013498180328993217,0.0003506708211277812,0.0002933024089071856,-0.0009043993374209426,0.0002919215930734946,0.0008375351308329764,-0.00045734632675848385,1.7328708922903268e-05,-0.0009144487628837538,0.001183488988028574,0.0010233209721448124,-0.00038095250255007045,-4.9624978583324425e-05,0.0008886048792304741,3.365664065391075e-05,-0.0011569667461449299,0.00016059192725885696
0.6,0.002160915427453369,0.003915074974987693,0.004671857797306373,0.004690826316398767,0.0043086139524246584,0.0023933543200249604,0.003635267358423284,0.0037771368280950846,0.007914813349173617,0.008057958692972116,0.00841772231600213,0.009396254646128838,0.005497124882371856,0.005678704247219872,0.002486525653748512,-5.1531258631747046e-05,0.0007082687821215931,-0.0003795719506434756,0.0007056925573938344,0.001287039609949403,0.001836230126479144,-0.0005391269059682505,-0.0007528247442733754,0.0005098836045375692,0.0011922270955760333,0.0010956401350017547,-0.0010224208743713889,-0.00026553061668819285,9.419346138367073e-05,0.0005702575789924056,9.062474195045728e-05,0.0003398098408830463,0.00018638652386287696,-0.00035523150079331227,0.00013377346089188456,-0.0004646434654740211,0.00109725784526531,-0.0014608530817761865,-0.001400212448807668,-0.0001386832439693309,0.00031984081850610616,0.0007667362833772586,-0.0007793493482765847,-0.0004076449108170834,-0.00016114335115161244,-0.000658761227005234,-0.001138875361894455,-0.000599546161553281,0.0008855917245499742,0.0013716940774026693
0.8,0.005256374724050525,0.008454312866015846,0.00773762186083852,0.012837721874492948,0.0097970528492194,0.007014395749938659,0.004892173427371088,0.006141901810164704,0.00935272355454935,0.009849497076676431,0.010757675819116545,0.008876436233396033,0.007159847698928502,0.005098614923768596,0.0020620283354104135,0.0014832578060052985,0.0010500448636543832,-0.00021721310648993645,0.0002764446209094324,0.0004825736889244254,0.0005124016456890639,0.0009254704659580725,0.0007433225900776582,-0.000676292860512685,0.00019389860646758575,-0.0015102250017513174,-0.0004614975346177342,-0.0017053726017971216,-0.0002531447407793023,-0.0019696045405760486,0.00044256516060873303,-0.0004708211612843727,0.0003208398706978956,7.8539420154664e-06,-0.0009449241207527921,0.0009075914894090563,-0.00014353178788558668,0.0001503448835069245,4.980078512550643e-05,-0.0023289616977501737,0.001488864507615832,0.00019189170113701877,-0.00044940656826421516,-0.0008385384090755949,-0.0009541152317365197,-0.0005407983804884445,0.0004529371057779841,0.0008289339829445194,-6.611286438510629e-05,-0.001360988156502364
1.0,0.0037880092601428224,0.0038049556066461513,0.007397279675236418,0.008875184560293174,0.009489011138020823,0.0073308127471885705,0.003797263446210751,0.006703970447564266,0.008927329655727238,0.009917242974945584,0.01177564862412821,0.011522843681091226,0.008420451938056253,0.002563348299158818,0.0015610299362265375,0.0021868648624921118,-0.0017133291556794324,-0.0011887303820391805,0.00043664167520215697,0.0025006812456772353,0.0008458844662780983,-0.00032101790284335525,-0.001175852836276863,0.00030550778488482857,0.0012274341830997367,-0.0005113952414045882,-0.001005746829665848,-0.0009118972074699464,0.0019029728563881524,5.7621905407583714e-05,0.0021503631624938398,0.000619871977932309,-0.0018264393202038526,0.0009677609857081411,0.0012480870742169294,-0.0018966577547616318,-0.0006379714308207236,-0.0015808807947462135,-0.0010631394541694096,0.002302932744564296,0.0015376333976229227,0.0014534562230170427,-0.00013688509299481782,0.00031785556862107327,-0.0009402102313769261,0.0010492363987195993,-6.18077972228974e-05,-0.001540722654673848,-0.00042283052490752577,0.0008839651701852471
1.2,0.0016620622625508905,0.003241171993119086,0.0017105443942900431,0.002300111835582478,0.003157826028628364,0.003182212759420819,0.0013010011715205564,0.005115042195746186,0.010200662546533259,0.011083680586538901,0.01288747926248772,0.01023801457192379,0.009703179012329257,0.0032080949511351124,0.0018452034228786485,0.0011773182345153723,0.0013153017876896397,0.001124091413609391,0.0008742328397170616,0.0010048066287995192,0.00098777579097913,0.0032835020258633043,0.0008652637459153239,0.0016264817003983141,0.0022795302205853634,0.001021082478672556,0.0016935386101971691,-0.0016474980414520409,0.0008050469679151986,-0.0017298992449217394,-0.0020929801603651534,0.0007804994823559988,0.001812899519442607,0.0012613991451077434,0.0016879987874259359,-1.3871536220067101e-05,-0.0011098296918197836,0.0006139740735017963,-0.00042979456978119054,0.0013637815618044013,0.0014247649946919853,-0.0010013838605946882,0.0005579598764989126,-0.0004261082765530484,0.0014363648421792032,-0.0004956523554912373,-0.0022206616067986843,0.0018278216872488254,-0.0004439451027665596,0.00048513602230160365
1.4,0.004188866140656269,0.005170093748866457,0.006026644273410067,0.008314998361496897,0.008881862549936958,0.006759732326114583,0.00425409697750421,0.005102387429187463,0.010302248606735943,0.011325731050413484,0.01261742780879365,0.012408617227346583,0.006312138087847808,0.0034276385896123396,0.004081997113241711,0.001153769747190073,0.001939379110802426,0.001004974978228013,0.0023741553033562813,0.0008573388398850196,0.0015322072717903082,0.003027671272252554,0.002116282913132657,0.001280498389103519,-0.0004033875849227741,0.0005831200526388946,0.0008400315818395726,6.184228256796806e-05,0.00016853908378755114,7.096392184914137e-05,-0.00042329391323672435,-0.00011071277804126944,-0.0001253635216592825,0.0006826134661207226,-0.001020143091496238,-0.00011613306191160726,-0.00010394232691624131,0.0006242967401641074,0.0003303471795569186,-0.00027867495988992695,-0.0010404197468742615,0.000810381391799177,0.0010437187380321579,0.0006212024219742896,0.0015814754865680972,0.0012547351525133469,0.0019242230165464119,-0.0008395352236034608,0.0016221281846918148,-0.0007359606775100692
1.6,0.0006616774807957994,0.0019936317151926673,0.00214977639971416,0.004285451704078451,0.004381887369406815,0.003091872573618611,0.003153324160601027,0.005403042474100566,0.007662756127611956,0.012522440832536291,0.01361161591866104,0.011752389468316075,0.007277703233641625,0.005885048339013697,0.0006878255810999429,-0.00170294870141463,0.0006901590395465826,0.0005950191077623521,0.0025936226324888953,0.004820949339382485,0.0005173610837347657,0.0026864038561130775,9.467382776056298e-05,0.00048113963178391696,-0.0014123896720732824,0.0010480776178466555,-0.00028909111220361565,0.00048405417648240533,0.00025261963072811464,-0.0009677652353187487,0.000320061966180137,0.0008632767565213156,0.0017488460986631515,-0.0005952805949734098,-0.002254667544180575,-0.00036386132567991245,-0.0006544514324230466,0.00010788824731530491,-0.0004922451722838117,-0.0010549828606269583,8.409190442448988e-05,9.074022111704121e-05,0.001447284519653072,0.0010051223245861312,-0.0006185434413082391,-0.0006024037137662535,-0.001385683277698804,-0.000707147863989156,0.0006878143378315138,-0.000482566429938757
1.8,-0.0006704656707392677,0.0018653463690271284,0.00138571221172069,0.0016807818321650945,0.001513645551450009,0.0016340053195086524,0.003137974355830465,0.005161923987566649,0.010322484675655436,0.012972203347850613,0.011024954597989262,0.010745178867681131,0.009166572522172555,0.004008831466136344,0.0016773724302330214,0.0019087263718092612,0.0013242374548208809,0.0008192314028532181,0.0014628118635272558,0.001210879053091179,0.0014946034532755694,0.0033678049125237053,-0.0001301226582979772,0.002440421845508468,0.0015231215164120174,0.0004061464995112688,-0.0010280097351220725,0.0009307701085926592,0.0002496329672103348,0.0002954203637618041,-0.00014558205324367122,0.002526990210484192,-0.0012086710807019281,-0.000641960336989023,-0.001565104259456153,-6.574069386531163e-06,-0.0005807953655584105,0.0006315445093760817,-0.0003548752798452059,0.00011286715802261924,0.000879993699107353,9.38965900924458e-05,0.0007181884313419204,-0.0018836199371243117,-0.0006654265346693217,0.0008649035350996844,-0.0003516404712525243,-0.0004204050729008093,0.00048494482980157723,-0.0005207317090193608
2.0,0.0016254516666757842,-0.0017061238075865496,-0.00039134040287494933,-0.0011097841830378543,-0.0007781640661228881,-0.001130618712496987,0.0009770552972046308,0.005588095219598505,0.007261512579061814,0.010848493864563645,0.012055885375397885,0.011128647364180138,0.008551442632320353,0.004957540537832349,0.002445532712542651,0.0012401394192750707,0.001520279207643464,-0.00016996391373017158,0.000746176732925068,0.003621366241441236,0.002867578286314378,0.003656734688654619,0.0024307856105924212,-0.0006223138250348208,0.00034534751329055554,0.0005119351433495887,0.0009408215026435226,0.00031488851011835634,-0.0006681872189656675,-0.00038380366234786796,-0.00012126911982544891,-0.0013472756552143192,-0.000259479217637609,-0.001199365293819071,0.001224750446840364,0.00016690783823350883,0.00061567290196327,0.00026682118116775076,0.0003284463871646022,0.0005764667452788637,0.0002144610138067095,2.6039925423865813e-05,-0.00042067883429461485,-0.001640660277057333,0.00043235758518695626,0.0016224074103050158,0.0006346747981636234,-0.0008707041211982504,-0.0002724656564643138,-0.0004095273213481766
2.2,0.004900916498402749,0.005166426302240795,0.007034190300413905,0.007943488559805744,0.0070561653672416525,0.00568020564643724,0.00652475093505037,0.006586286223586387,0.009534235197252475,0.013207658896198723,0.012868515596439043,0.011867466229808948,0.007763853930370843,0.004708218251357867,0.002067259716606009,0.0013081338028172016,3.127794747143499e-05,0.001540414066905228,0.0020411481444234684,0.002847784744397548,0.0042048347708481095,0.0028667044110679556,0.002249640513866185,0.0026883500535097474,0.0012867291121167268,0.0010245177348203686,-0.00018710596427844362,-0.001871553887968808,-4.123164309392487e-05,-0.0015785643518986495,0.0005324739750871836,-0.0010776822356504527,0.00029357782805594125,0.0015287148163864697,-0.00016505466420321387,-0.0016150726396484026,-0.0008775484184136523,-9.050988729675642e-05,-0.0006709844022018705,-0.001059721433972069,0.0007891367898124659,-0.0006238391693975067,0.0016395754250668722,0.0004979455201243007,0.0006079606959386088,0.0018825525630431568,0.0013189942506799024,0.0004841680969366602,0.0010014788760790505,-9.044669225231929e-05
2.4,0.002071744061026321,0.0019335761160295059,0.00221967501588267,0.0047626748783334855,0.0024552196475515786,0.0035308344885619574,0.003861600478853275,0.004279252922328234,0.0076314484422228095,0.01107976687262001,0.014226737313219094,0.010622898717798557,0.009184118736889941,0.005022653614007656,0.003020491747885266,0.0013488629203218592,0.0007439145493007328,0.00012662839554104582,0.0030634184302195913,0.0031892855259647943,0.005411069817835871,0.00339767012867515,0.00470177010798738,0.0037768863696424912,-0.0012820218158905961,-0.0014109062909785372,0.001317043189064666,-0.0004625444091183608,0.00022855144028951686,-0.0003685201524899924,0.0005628726235677937,0.0010821886784920273,0.000263444894395329,0.0009296745413975713,-0.0011825119917357515,0.00067801138175352,-0.00015714351054478432,-0.0002706867277739564,-0.00031704768977230415,-0.0017547798207016316,0.0008176822577069821,-0.0008211656135875345,0.0002907996348898431,-0.0009523719670738296,0.0008104513283445126,-0.0007475048444400544,-0.0008687381476444179,0.000963744509767611,-0.001676986335296111,0.0002793926660599781
2.6,0.0052594154794506805,0.008236373658885828,0.010394664914909531,0.012503921074029136,0.010659611732269975,0.009585736478745244,0.007171267813465947,0.009073535124442627,0.008248607470471118,0.011707432776675578,0.014097311654738673,0.01093265623000757,0.008360881171364711,0.0017031553301705272,0.0048741057356191525,0.001084344238700964,0.0015949427117203305,0.0012107806164610851,0.0035238696655620094,0.0034413067932336457,0.006464058849023974,0.0035408004198940655,0.004362775205431248,0.00024331719242243156,0.0008850263600792497,0.00011918438214154697,-0.0005523955142494311,-0.0012269724853155306,-0.00046314002577147156,0.0015396533444231267,-0.0014760899066271688,0.0005818747692230544,-0.0006893324423390809,-0.0002996795952411347,-0.00046464149113154956,0.000957700144269532,0.0006607921233736042,0.0005353305864505981,0.0006069739989276949,-0.0009278273541786369,-0.002087006178853167,0.0009215482553090354,0.0005944445822591588,0.0006044528463361068,-6.117080057651297e-05,-4.1614125503172835e-05,0.0014930012302879945,0.0008536401977030975,-7.105767378871416e-05,0.0017257267867910233
2.8,-0.0016287545252330724,-0.0009699145198907536,-0.00038002946661640116,-0.0011507622695662403,-0.0009594254963970674,0.001596954210459799,0.0019809569089097616,0.005353643502954686,0.007197166759783388,0.010332995185187686,0.010469335798421218,0.010159073612187947,0.00906309471273661,0.0035572242107140377,0.0033067952412569597,0.0025794413041436,0.0008909730598953651,0.0023941429175343004,0.0036363660207192933,0.004466662067435637,0.005180170651035444,0.004937570079480385,0.002968410289993701,0.0024349437575990327,0.0002087168329771822,-0.000552670633964158,-0.0004936710936653202,-7.2661709250618185e-06,-0.0009114261516145023,-4.029975777933058e-05,0.00048745310834207294,-0.0004355404849694966,0.0010630232285233205,0.0013068152750193103,-0.000675655275693584,1.7903812703880157e-05,-0.0010987748142235354,0.0007343412373849874,0.00014890628274571492,0.00017367453534857007,-0.0017704255245979243,0.0011554836671621694,-0.001270446630486458,-0.0004311191343549734,0.0004121595034921788,-1.153489605239575e-05,0.0005903437978491782,0.002977874468964446,0.00017817445459862816,8.721735408419808e-05
3.0,1.161230897600259e-05,0.0011849462598059423,0.0011045011476461474,0.002608141132032964,0.0023748621731208624,0.0018056839389193073,0.0013950735944951171,0.0043863004603087825,0.007115791858560907,0.008583245259029511,0.0104123685629376,0.011373121174118912,0.007158619725526911,0.003055109993586969,0.0032775693256044715,0.0012666948718030617,-0.00018789094547739106,0.002747477056200339,0.006006115436510217,0.0036722907355577396,0.003947720924791233,0.0038076253267987177,0.004095157412841914,0.003346534542581953,0.000231191683272099,0.001260228190396202,0.0010786910406296974,0.0025382968772791796,0.0002495629145382302,-0.001262429426293596,0.0002660968115026093,-0.0011070772432264886,0.0006451246390157182,0.0004228715865476507,0.0006262277030345549,0.0010535032393943504,0.001389730194974851,0.0009920174862528429,-0.0010215766287712627,0.0002612031399503107,-0.0005716383102938123,0.0009226603497263001,0.0009441739555483936,-0.0003826409180453397,-0.00044475554984457224,0.0018410839599055052,0.0014976161395344463,-0.0028055524131145844,0.00018190189327543425,-0.0007678188659938038
3.2,0.00521668887027192,0.004209792313882485,0.0044940277408223725,0.00551587124762949,0.003181559447995119,0.0035278246107540512,0.004804414045155424,0.006093473929219979,0.006694821762675288,0.01002870289731959,0.010429991511731365,0.01039405655566979,0.00732657638462832,0.0031715869128221656,0.002643556691524992,0.0019434392291804955,0.0013461194004061215,0.0028495877871361906,0.004101189042755266,0.0024053629402119967,0.00620715724855282,0.0051399267398496646,0.005291825560395017,0.0038966530822054906,0.0016590166813404885,0.0034642533116205076,0.0012650576230475287,-0.0003105972219144943,0.0016768958552813215,-0.0013112400729434447,0.0017058700866649204,-0.0004995111376200768,-0.0007368318747706023,-0.0014116030345073577,0.00022747497573842972,-0.0003636983200889404,0.0014822892199176285,0.0006337654070338707,-0.0015348457239434232,0.0002785839890410354,-0.0004136921232011336,0.0015707295356641358,0.0006244870915874987,0.00031824396639662636,-0.0009106614758879036,-0.0012356114053251922,0.0002954538277881959,0.0008341362210526992,0.0006062102719876129,-0.0001865694742290448
3.4,0.003852464055149849,0.005012687921460063,0.005321825497394887,0.005259109356329894,0.005422449634759364,0.00292565375701095,0.004991214810925677,0.006014764593534469,0.007867676276470672,0.011578304120347766,0.010792168564012793,0.008644789666047587,0.00630000352019607,0.0036980653255763553,0.003081894135212888,0.0022639760451564164,0.0010573728189539997,0.0025440468388206123,0.0028287571475603852,0.004857071752462548,0.006034886967956404,0.0057713097548894275,0.0032029246332645625,0.0017222136973456294,0.0008099389557883929,0.0012434091159056427,0.0018795564268963083,-0.0007397057447395196,0.00048026761787263797,0.0003923166402723355,-0.0005824499525958182,0.0007590327078677111,-0.001409879288968695,-0.0005889353804963696,0.00026898792991201045,-0.0016269539256611545,-2.9259090276301354e-06,-0.0002798650976478487,0.000263138521574985,0.0005433473492925076,0.0012627158842185122,-0.0007279588489228334,0.00037380206588371234,-0.00012184299212278297,-6.0258887530618035e-05,-0.0001482121890640711,-0.0011302637062451718,0.00024378353574564432,0.0009292564286025435,0.0006958918356026633
3.6,-0.0017365144762655662,-0.004126034142156116,-0.004812836308226284,-0.005128598055056986,-0.004402196880836628,-0.0035230588858559775,0.00032785288935445966,0.0015378196925680463,0.008053522764200039,0.010301590934201904,0.012382422198664374,0.009956906165476277,0.007328477378211539,0.004165866019283539,0.0037614363821861377,0.0027608307918802156,0.0008515227703030825,0.003019026173822235,0.004374915398459598,0.006552965937407521,0.006922131043884521,0.004979652406108235,0.002315147327448609,0.004105099504913505,0.0023222108815006805,0.0005319253808485014,-3.796622151553436e-05,-0.0007855819551073655,0.0004863825732125556,0.00015176943747604373,0.00020436122331450793,-0.0009672809170663556,0.0003218550928035824,0.00115448463009235,-0.0006724919944545529,0.0009192865444077696,-0.0010675637094714628,-0.00010243091906759158,-0.001925419405109005,0.0009721761891600815,-0.0005754511525894253,-0.0010750263953338182,0.001010578049025846,0.0007890715414592619,-0.00029881304574105633,-0.0006433544353058752,0.0027784553301952075,0.000839329358448669,0.0009595159074951348,0.001163601826230789
3.8,0.0009249147367264503,0.0031816131635920676,0.002952247355310772,0.003948422083928747,0.004006050630090157,0.004086242313667679,0.00191320104200997,0.006097319628478691,0.006070058120421187,0.01045018404064121,0.008445906127521548,0.009612061716906718,0.008337502370909813,0.0056147782570333486,0.0014261475176268884,0.0007246949549801604,0.0013049606918612276,0.004115004841121595,0.003705668751016997,0.005383146594639367,0.008799307369663216,0.00524496798390008,0.0065042785670240905,0.0010822587815938626,0.0021964479814347974,0.0007461294876825108,0.0008289077953565801,8.475089433317291e-05,-0.0009446579134228872,-0.0006248319854280629,0.0013172629766308758,-0.0013567181535333282,0.0012607244623455112,0.00099195274448085,0.000362751249383523,-0.0009033783561834617,-0.0011487948537503608,0.0019378447748067246,-0.00023811486195869348,0.0009464165979734617,0.0001078580185552006,-0.0002382713437996288,0.000957945975010862,-6.968727243753682e-05,-0.00033312592404406135,-0.0010319844764112237,-0.0002766316685073277,0.0005887702284717929,-0.0015120294403673767,0.00108651023759657
4.0,0.0005159689735490163,-0.0010373006856078493,0.0004600514521419857,-8.732380816458125e-05,0.00031251786580256875,-0.00019905900638109543,0.0024391343571810746,0.00535505999660712,0.007369207547215097,0.00670937233829486,0.009706941615502057,0.009422092134261187,0.00528268004612263,0.00458504481867034,0.003759290925574624,0.0038267742423585167,0.0015535334855973715,0.0033775132263377007,0.0035603166589714802,0.004238122697017285,0.006925215732956021,0.0066566320005326815,0.004970607251350484,0.0038947266709103445,0.0013927211090637155,0.002075482468972105,-0.0014619288035920073,0.0002336147378597352,0.0001482784787024382,2.4576029563164765e-05,-0.001829450977738203,0.0016169235136651436,-0.0003292252740570166,0.0011916199141425662,-0.0005000346599996397,-3.7174691832707625e-05,-0.0017591788368954086,0.001546165424740715,0.0006545307362882488,2.057543882172878e-05,-0.00047766084716190874,-0.0012447142710723938,-0.0002516857185636947,0.001484427880584887,-0.0004099052723984064,-0.0014894063740258855,-0.0008204217905635698,0.000870518118184185,-0.00019582459942025685,0.002058432019033057
4.2,-0.002668318271927197,-0.0027352108114134443,-0.0025933039605080944,-0.003087601633768449,-0.0007738823716919108,-0.0015215781156065586,-0.0002721859500767862,0.0021102359794329117,0.0055732958621367516,0.009322121251550533,0.00835953464054873,0.005914956331369707,0.007011917322639828,0.004047858846190716,0.0021132376288831873,0.001058120419693328,0.0005698298459209446,0.002504271379421821,0.005434259971969427,0.005830394243450199,0.008146370915254443,0.008481737583477842,0.005154012321614785,0.0025227012961189796,6.7369617424914e-05,-2.2373961378150276e-06,-0.0002992354196202134,0.00048546458722342983,0.00044965595308811936,-0.00023909062666740806,0.0011129674247321775,0.0001821709153145326,0.0007294249134811689,0.0005115773964377769,-0.000680435317980455,0.0016149678302244514,0.0006146281921680008,-0.0010012551054464653,-0.0012834026857390895,0.0006509875028643766,4.344950313650805e-05,0.00021843977631552146,0.0014441541768114624,0.00012914132578683668,3.779650485746985e-05,-0.0011747826660279592,-0.000806013351834587,0.001003822041862765,0.0001346325061532251,-0.00011143725730024265
4.4,-2.525041307148857e-07,-0.0006842566667266465,0.00027908158321456045,0.00045953085605094615,-0.0007555867416680911,4.483238782885469e-05,0.001378258240617524,0.0032571559461760254,0.0068825330704720454,0.007793455750263302,0.008988622003985584,0.008510994301209725,0.007192004673356563,0.003106679535661802,0.003213205859303154,0.0026253158647150665,0.0008985395890102526,0.003034635565624981,0.007197994909903185,0.00592412553559972,0.006232650462899858,0.0069069828313537895,0.004651753958084253,0.0025293366516862077,0.000857909445433865,0.001245789060117909,-0.000341710944496126,-1.9607939790001337e-05,-0.0006946871871935861,0.00019506830379886222,-0.0010934319249344155,0.0006954203930810755,0.0007447797779438661,0.0020844166888037995,-0.0005529199632832886,-0.00023301059841453572,0.00024211265478700096,0.0020863891543369734,0.0007553606990582421,-6.336433258993987e-05,-0.0004520902549417207,-0.0001186920276839624,-0.0013599095267601874,0.0010086010757948422,-0.0007125576600385706,0.0009114012325394303,-0.0007417907651157611,0.002351950322905288,-0.0005271817040392876,0.0003031413210461557
4.6,0.0006796989420277478,0.0021036586269985373,0.00185833665764041,0.0027306852838554097,0.002789920173369349,0.00443995017158709,0.0041346517539806674,0.004132122715324202,0.006960247010426792,0.007643308585926198,0.008475554445872615,0.009148692450585551,0.006274255029358103,0.0037750019075845722,0.0026280672914176283,0.0013573544987817785,0.0012818819884453008,0.004466465847654573,0.0051715965498641036,0.005101675615962982,0.006503869460784222,0.006722279351859529,0.006135909967471111,0.002474658085425161,0.0004680577066914697,0.0019642605441141017,0.0015040947120732154,-0.0001358346991877905,0.001149533849445592,-0.0008811124433072574,2.6352777966939436e-05,-0.00039844075439028447,0.00042565830298095866,0.0006402508548887403,-0.0015405297763466256,0.0008901135646975015,-0.0003805922990139679,0.001143763839708114,0.001790727501478174,0.001115168213285278,-0.0021552361442857453,-0.00027868017561562443,0.0005363000553987781,-0.00024743803778042066,0.002391973922022883,0.0008436004600788698,0.00011607912234863095,-0.0011289859439841529,0.0008343943233161569,-5.014773001086001e-05
4.8,-0.0020557930654417546,-0.003915943545655557,-0.005646041142806863,-0.004662729329550247,-0.003001714741229492,-0.0018158794371790309,-0.0015338632907085205,0.002662538789314029,0.005813349503184838,0.0050894782720774905,0.008129981313498333,0.007249027658408033,0.0028119121879519385,0.002454871046874227,0.0027930749763729113,0.0013892663684390509,0.001183026010912466,0.0031421147109727664,0.006000819609162853,0.0063527940331220886,0.0074241384684902555,0.008064554176507525,0.004689078137383581,0.0022790832949408225,0.002067847486559023,0.00223342782229239,-0.0007538566409038668,-0.000550251161372126,-0.0006284216317925423,0.0003477588917080404,-0.00024086737632687173,0.00044182364836887746,0.0003929629535132961,0.000575497962200654,0.00099363605416872,-0.00117603731410091,-0.0008545123009767278,0.0006628207228507798,-5.1365847677922817e-05,-0.0003077832062026493,-0.001124222746108511,-0.000597500440652315,0.0003274217201930544,6.644013384002909e-05,0.0015515008107963837,0.0011166190819017385,0.0009573839783223468,-0.00146004297180337,-7.894292345739714e-05,-0.001201571689294363
5.0,0.000700435480978897,0.0003215492823071905,-0.0009166163361624796,7.222311189889591e-06,6.393352144108732e-06,0.0016918715486396447,0.00017708562235795077,0.005915465782372552,0.0035604234819794963,0.007157585565057153,0.008055977766178503,0.0077337858008659265,0.006385415303753684,0.001978709892808666,0.0020427377490095295,8.627833629030134e-05,0.0019060529411242407,0.002969569608233877,0.007449262962555108,0.00795476628924992,0.008897555918428904,0.006957112697636866,0.005345003498059328,0.0038722935731649987,0.0011000339201394421,-0.0004534560539173555,0.0005592555814935813,0.0008265190507269796,0.0009537025688913832,-0.00026107696300544384,-0.00031148051967294757,-0.0018238628177576926,0.0009974997281594856,-0.002198979585019996,-0.0003941223152055278,-0.00010355751450560698,0.0004317152168900609,0.0007515452503723835,-0.001381711641354542,-0.0007292469873995712,0.0011401338096314938,0.0005537410775231706,0.0012387670617066994,-0.0009500270213871308,-0.0012140082293698891,-0.0005566160376422652,0.0004725696093041723,-0.0005059632340921584,0.0006573958192834839,0.0002075327975591821
5.2,-0.000254693569139026,-0.0020150608932126782,-0.0021908855019785504,-0.0026089212529233122,-0.00196800908785979,-0.0013958791965530395,-0.0010330575780490288,0.0025602466416326263,0.0035209579208782165,0.006003336816549548,0.0071491245625288705,0.006849216202685347,0.004628955608380864,0.004368468596475058,-0.0004649346834615122,0.0031043413016528217,0.0012168723293779812,0.0046907318335588566,0.0054040663039535385,0.008473837434497531,0.008623928972643866,0.0076646541490319195,0.006646506627139674,0.0039779521029560064,0.0024098879351481875,0.0006168680884913085,0.0006527242358715037,0.000858791484233953,-0.0012640465031619587,0.0006641852135703274,0.001140731217393132,0.0005458135011390105,-0.001029284447902634,-0.0013747371456324,-0.0005846339433296237,0.0006872538272733932,-0.0014653583217141808,-0.0014516545066856866,-0.000216485322920828,0.0010008606724383983,0.0006254694056144389,0.0009229356868055449,-0.0012111568014008562,0.00040702851503464073,0.0002549646847113715,7.751889090822913e-05,-0.0004775211438231566,-0.0012538852645730236,0.0013803796697931994,-0.002323022186783199
5.4,-0.0001702741218730597,-0.002428340522006853,-0.0035150501883962028,-0.0018939468357236841,9.164371626078026e-05,-0.0007856521847880362,0.0008558376369497288,0.002606725482118445,0.004167222640772238,0.00839859527706475,0.007901597159295348,0.008949052488864922,0.0051137528353592775,0.0032088468215561846,0.0005679152154856055,0.0024963518896478584,0.002639312451508688,0.0029107079664701403,0.005120321318939909,0.006321864915733503,0.010066268690776755,0.008577769452306514,0.005991820010513482,0.0033137495919374482,0.002464727589060864,-0.0002627058295145776,0.0004883280947575094,0.00015105847945933552,-0.003094260189915478,-0.0014562648283604732,0.00041566666631399907,0.000767453375079344,0.0005582504760963454,-6.754338839518692e-05,-0.0011749210722306516,-0.0006776817034557109,0.001721550670462924,0.0014003783628432913,-0.0005676258272603506,0.0005130347678544889,0.0016190926818230456,-0.0009148460501281726,-0.0003515574961905761,-0.001119209626326784,0.0009677727371440178,-0.0010812719163804955,0.0002717954306049211,-0.0013966405689661038,0.0003937454469845929,-0.00033617089394044294
5.6,-0.003529466689470544,-0.004258772952003604,-0.0077968206465106535,-0.007134204288300964,-0.007502657664414212,-0.004907969617286458,-0.00036705904108302076,0.0037723746299801594,0.004416730596845736,0.005761408370068354,0.007650736516951631,0.00602117900961107,0.004194873773249219,0.0029761573729811,0.0013014749660642082,0.0011517167465836325,0.001571968831493323,0.004082337548071439,0.005361525517001562,0.009154198016104342,0.00831176235035002,0.00793345627032622,0.0052703259356081614,0.0049560802941981,0.0017902872240270552,2.6042095976884852e-05,0.00030419908949459295,0.00018427343837289624,-0.0011892870698779472,0.00010850550535637578,-0.0006933579646917694,-0.0004813941181243276,0.000894226468475817,-0.0008008594663729919,-0.0007005434779079038,0.002430972282660693,0.0009930677215075157,5.5119811495028366e-05,-0.000658526943165115,0.0012805337242935474,0.0007596055678832982,-0.0002931824067313901,-1.2327704249424608e-05,0.0016123111703289577,-0.0011177103383574472,-0.0003270265800589485,-0.0004309696408237296,-0.00015951315146298358,-0.0007552795220587143,6.355193057795366e-05
5.8,-0.00043928893778608633,-0.0014758205310559276,-0.0001548548212645961,-0.00017776818603166102,-0.001776149310861285,0.00047426378228444685,0.0014354416898071888,0.003787236751904013,0.0053762412981287555,0.006809991676918709,0.0058152306336506365,0.007167198345302096,0.004595614705822971,0.0021957249074341318,0.0010607994688178082,0.0021754126712305024,0.0027706400106388865,0.0014475505824956326,0.006540816451278235,0.010392303255972436,0.00987269268663726,0.007534855148555919,0.005606442846726552,0.0038424686518918655,0.0017766326597432286,0.0012878571509137666,-0.0003116946327847364,-0.001954977806963698,0.001055964163618992,-0.00014305368871814214,0.0016692961088610753,0.0006642189699150275,0.0004054183467180898,-0.00112172628294234,0.0021643554632416817,-0.0003214941484647774,0.0004897942278176026,0.00021734924024137989,-0.0002578193083517833,0.0006877356716885077,0.000388556583917508,-0.00010837120306332761,0.0006421578887864505,-0.0009647825127077819,-0.0003074778815935247,0.001951413845536518,0.000294072624310144,-0.0008034268226058681,0.001302761311888593,5.763724941593989e-05
6.0,-0.0005265391526424137,-0.0015024720144163404,-0.0045112459993074125,-0.0004592584323864638,-0.001870116654826289,-0.00012801838436590616,0.0020911959873905267,0.0021041823328953025,0.003764591223032409,0.006594280652283711,0.006416155140712108,0.005904002564019744,0.004929503571797651,0.004402960543016051,-0.0005474801367847909,0.001499897835277701,0.0024748443264274093,0.004139093136184061,0.00581641326702721,0.010937883493875743,0.009645678277032955,0.008941042139250902,0.0058283220166353905,0.004781344169239123,0.0036839660095637486,0.0008074278214909906,0.0016237025355821787,0.001287286726658501,0.0006887507252023849,6.230181199554273e-05,0.0010368099285429416,-0.001230318987888172,0.0018634242050956388,0.0006916542303372063,-0.0003115032041063494,0.0005810832782808374,-0.0018908028501535056,-0.0009009026950127497,-0.001229004564464615,0.001057503721069073,0.002408574290497494,0.001986024278145963,-0.0008116045218797376,0.0016405354218373119,-0.0007218343948304283,-0.00198295738843346,0.0009538434408254822,-0.0014239433223545554,0.0023937154315727617,-0.0007954369063144902
6.2,0.0008234827702834321,0.0024469127198067687,0.002368086768561449,0.00193844588728999,0.0015244846151083093,0.001813895820404266,0.0015556947594011746,0.0012690390915606022,0.004162819451319291,0.004490605307963294,0.006512831393111991,0.005024483340858542,0.005372942229651078,0.003793183882343718,0.0010564839058813554,-0.00023684291646062323,0.002073226274871704,0.0058523849706470935,0.005299406108530233,0.009451978532277772,0.011212188407291433,0.009719586170714774,0.00603889164477975,0.003033232518494397,0.0018097453927967172,0.003007739324138013,-0.0011877566923079023,-0.0020651662999649403,-0.0005882286217369318,0.0006652747334731298,-0.0020399889646522955,0.00035512268098652187,0.0011322541569540432,0.0004559997866862279,0.0009924943500779482,0.0009022942307513213,0.0004192391179982407,-1.0540683856760074e-06,-0.0007405461780506867,9.901847304635758e-05,-0.0005322923651705464,-0.00036952297782918953,-0.00025015176329391527,0.00023636093562704282,-0.001255080177711402,-0.0007576462963537777,0.0018408268137639116,0.0013051259903275106,5.4981423171911094e-05,-5.140193726048899e-05
6.4,-0.000678543518356425,-0.0014413564612194094,-0.0014639338738197986,-0.0014597630831106204,-7.799136968600416e-05,0.0013089328337673547,0.0008419929234038791,0.0038682243397084857,0.0035915360948894017,0.004182028213602265,0.007644268470052203,0.004701939391502179,0.0036337785224403816,0.0018050935653140462,0.001170151122409019,0.0006467700287994268,0.0019347652066996166,0.002628044540600847,0.007170957996075712,0.007824747603365607,0.011090090015830317,0.007540498164432424,0.003814378969839692,0.0030159135897494718,0.0034486448523789125,0.0011071929468240494,0.0008245939009900954,0.0004918958136232922,0.0010775338826958904,0.000633182845849528,-0.0026025016938193706,-0.001170909331334934,0.0019222726145894417,0.00048717994567512064,0.0005147227785368346,-0.000773201140022092,0.0010749532069603209,-0.0007114415865605365,0.0007675479284733348,2.2725600878507748e-05,0.0010019092630279573,-0.0026171083814446453,0.00034997492366841684,0.0007333096177056617,0.00040883443353049336,-0.0002005823940610886,-2.969746469223182e-05,-0.00037585580412923827,-0.0008308228651175667,0.0016140726937507019
6.6,0.0011352419097189425,0.0022348181369481433,0.0011829313071638802,0.0046169790721383025,0.004803329707019828,0.002556259799382993,0.0022104551947504047,0.003298606712824412,0.004100063251560883,0.004402321247434446,0.00556816540921296,0.005083968141246349,0.004932068902183142,0.0014776849380752771,0.001208501474665307,0.000605201007728967,0.0021494361329071373,0.004185356442833018,0.008104963839746125,0.008561113614692733,0.011230150845890324,0.009952931523180445,0.007025064360374888,0.0038841318036521274,0.0027701455207412807,0.000881922431551622,0.0016494084443466344,0.00030149506698735635,-0.0018754369073510128,8.511922936621207e-05,0.0007113665365810189,0.00026247508619457554,0.0013575633840631417,6.739615809443224e-06,0.001144346198542497,-0.00043214029336735837,-0.0009762787914069141,-0.0006530393690843137,4.0578281318612546e-05,-0.00020331606553433576,-0.00038993059039381904,0.0002445406020329604,3.720045300190659e-05,0.001228118207259632,0.0002053637836676611,-0.0020245355113941827,0.0009554403542028603,-0.001323492890893576,0.00015753585546005223,-0.0014973015922540313
6.8,0.0003367733555564291,0.0010718353067408978,-0.0008150532972151657,-5.3989135548708055e-05,-0.00085929069967777,0.00011420059486856745,0.0010723522597786167,0.003158647325257841,0.0037058951023024324,0.0041293142882541725,0.005971188267155014,0.004529263180710667,0.005539123512258937,0.0024691440833452248,0.0031837629794220336,0.003332404676652665,0.0011299762141666959,0.0029289955615913023,0.006294838390717858,0.008768930825486186,0.008698025232077867,0.00977426598181415,0.00535178741469058,0.004839739465150489,0.002278869939328869,0.0010569408472520826,0.0009576530598310247,0.0012013528909961657,-0.0006794013915215526,-0.0002675243154857465,-0.000668702753366288,-0.0005093960810382744,0.0007630036524982336,-0.0013034943014730716,0.001376501584253801,0.0005093839316331802,0.0009685364739102097,0.0008872642458440039,-7.586516993327372e-05,6.978410452903404e-05,0.0007116534299471216,0.001352635760749008,-0.0012013759841858482,-0.0018812378811153203,0.001958514132743473,0.0004532797447400508,6.616985952606249e-05,0.00046136363862254526,0.0012589483732409644,-0.0003761049571953222
7.0,0.0027849237754330957,0.004566400420321623,0.005432747802117836,0.008515136902339258,0.004792758210412775,0.004909301509414537,0.004157657088965696,0.0022204721934306845,0.0029340825973415956,0.005578466832049989,0.005985317176728389,0.0037214981652994687,0.002766057827518554,0.0018770277864534016,0.001908046934745305,0.000463696036225546,0.0023712904954284247,0.005461053195745184,0.009231693785505098,0.009901923440546492,0.012049882327257441,0.010199377879808019,0.0073538931975283515,0.004964283978195769,0.0025641573337777984,0.003472435219732488,-0.0017163833739624731,0.0013187556758755667,-0.0005809590046957298,0.0001922116916870524,-6.078480867052919e-05,-0.00247819470419992,-0.0010649070812642626,0.00015415826640671274,0.00024726613139215535,-0.0007378535188137853,0.0006622970766843584,-0.0005833599805382904,0.00031318272573671417,-0.00018653709810787623,0.001631721481826202,-0.00014788790910947306,0.0013375068066853598,0.0010484118611410887,0.0001720668180354398,0.0006366189380985871,0.0001388811524973839,-0.0010194025030300026,-0.00077555284707715,0.0004334656114997598
7.2,0.0015132793033993707,0.0006847675701735503,0.0009095122889972726,0.0037032029344908355,0.003138624608090535,0.00261183914482279,0.002493098925114457,0.002164813378882046,0.0027887650437121636,0.0061290341909417435,0.005466996868209652,0.005073439962084332,0.0032464033968953904,0.0017096750552438168,0.0009951257142437502,-4.1410303427467585e-05,0.0009467125106920103,0.0037497914928187985,0.007177571312291819,0.008857084078173982,0.009931122526944672,0.011992393584943377,0.00736023274245078,0.004714347421091136,0.0012892289013733738,-0.00028198470646716167,0.0014193040762042247,-0.00042840514940402174,-0.0005603200552910175,0.0008153454007969057,-0.002271219957759301,-0.0011446905915519262,-0.00042797552750794003,-0.0006702216465825972,-0.0004849023702057369,0.0002533099220137944,2.865045419033556e-05,0.00054178858433097,9.748879225759198e-05,-0.0007189642106284277,0.0017782894311913905,0.0018152428453309074,0.001591206357130453,0.0005789478747839081,0.0015488494732098844,0.00020743433197594954,7.375409802294286e-05,0.0008801480390053337,0.00038452973041708954,0.00047751492975397786
7.4,-0.003652012756293879,-0.004231863019752165,-0.006911501904301928,-0.008626028223957966,-0.007594625739024457,-0.004511726939781158,-0.0015079250556855133,0.0012837279628127817,0.0037245424683537824,0.005083059959805864,0.0038801122842148125,0.004532249274995753,0.0028194815997919153,0.0023775055018237187,7.236028368494429e-05,0.0014805148822101127,0.004378184438158749,0.006036262079660324,0.007481607220965893,0.008917377266415331,0.012620248683913754,0.008753733400957007,0.007557705529642208,0.005172209264527836,0.0010958379018960653,0.0004779774509303434,0.0010273347739596672,0.0007498071585033491,-0.00046571046093753335,0.0008051418401871861,0.00012070142652708432,-0.0008448274201400172,0.0012152765667607964,0.0002749909069179243,0.0014034669451560336,-0.0006895853900435112,-0.0006170947474437645,0.001209679362254222,0.0004563941829632229,0.0008269300074556996,-0.0008073649337032312,-3.807724804610426e-06,-0.00014642994731148412,-7.154162589952283e-05,-0.0014534843577914962,0.0019866225277294083,0.0010165985743962483,-0.0008391087510712235,0.0006351164796663238,0.0011753246685866862
7.6,-0.004284756369390706,-0.003617310618777187,-0.004405468715873492,-0.0057251645603370906,-0.0034153009662762335,-0.0016039854560234977,-0.0017063288132229048,0.0011553127780968156,0.00402414995517748,0.0016019574515392558,0.005732138982203589,0.004765246126245225,0.0022643123687161636,0.00230074834452207,0.0021404444334335525,-0.0009740424801935679,0.0025647040945128495,0.0030331201246652055,0.006724723928137959,0.011484032171066893,0.011458120071935255,0.009278823485169414,0.006745488997598334,0.003294477262403648,0.0035258518865179085,0.00041025208716996976,0.0008382450725018477,0.0006888932554438626,-0.0010157991741052144,-3.622064743482795e-06,0.002486185747871852,-0.0006195270009996585,-0.001250002011315597,-0.0006830506414021339,0.0005678292522296548,0.0003067167482013228,0.0011153363383670108,0.00035679792064346663,0.000950718269965683,0.0015826733592672225,-0.000586246908675762,0.00030103257827213044,-0.00019174147307474124,-0.0006374788426709259,-0.0003504772541581992,0.0007723060486275841,-0.00034421775552416793,0.0005224006245977838,0.0008923730592363989,0.0005921077608097498
7.8,0.0019097388624521395,0.0018761913287255732,0.004797382619910585,0.005559662735770954,0.004163562174356449,0.0037457306438229998,0.0011999696199487433,0.0016872296100288494,0.004169352839722929,0.003586769922308831,0.004981235712566257,0.003222360663392353,0.002834463489133685,0.0009329653543568369,0.0006710746361500198,0.002932922469651462,0.0013487899633280874,0.004118580992032576,0.007216317368044322,0.00883127403956168,0.010255748793868718,0.009947735875973356,0.0073403653681720716,0.00504698807118145,0.002453451240860103,0.001800009324221161,0.0017988214856146378,0.0009234246380308346,-0.0002183019614564606,0.0008270437189421015,-0.0011088562680998278,0.0015120545492004142,0.0011285605026621597,-0.0007983516192412273,-0.0007913178714002249,6.50348942368457e-05,0.00203663716962631,-0.0007154752040618393,-0.0005970068019093506,0.0011219676228018817,-0.0013047158178556026,0.0002911014028996999,0.0013839387118855142,0.0008165102977221239,0.00019965164151186275,0.001078604675950942,0.0013289619141130565,-0.000208613025621979,-0.0007763003078235624,0.00014762380379069223
8.0,0.0009100439849776827,0.001260852915950077,0.0025779727446074837,0.0027392935226945507,0.0009602882406211219,0.0016739716994463054,0.0009789242754358186,0.002458463143213454,0.0021227971139839885,0.005139305478195174,0.0051033497976116105,0.0056148841729271835,0.00429887936827602,0.002349474133917916,0.0007566738995202359,0.0011280374036833202,0.002075489448993935,0.005001069996148928,0.006125677044280938,0.010782646421222458,0.011257454708769156,0.010966660961517214,0.0067868082762830555,0.00327560715563561,0.004798826074712091,-0.0005047288634136895,0.0012068623621898482,-0.0008599832583847871,-0.0010947753353957234,-2.0490677880109056e-05,-4.136115974646086e-05,0.000172912477372429,0.0001295232147722764,-0.002460653862705298,0.0016284302126508303,-0.00017115981768082937,0.001847561959397641,-0.0007757465651788293,-0.00020413701801508916,0.00048501437781769393,0.0014490034066171609,-0.0007391314889950671,0.00017249096673792606,-0.0020684367105833286,-0.0010658011948224807,-0.0001444675463000201,0.0006127615484811045,-0.0010843676576107583,-0.00036997660525743716,0.0010576852088449858
8.2,0.00046921545892187006,-0.0002668867278824409,0.00019183536997546943,0.0006187532940996089,0.0003457731230600351,0.0012529283521955786,0.0023128321818790343,0.0013584064873111287,0.004522975055938253,0.004193629263965054,0.004530942222982726,0.004331873956985223,0.002690073581885963,0.0020885698962992876,0.0015362244451231296,0.00018742014676881497,0.0012179041930816673,0.004395181363038725,0.008143899624246075,0.009362121379812492,0.008866059136004925,0.009632145038844861,0.006448174783109697,0.0037922313460275743,0.0021526740841854436,-0.00014364574770973644,0.001810113445599243,-6.184236738439477e-05,0.0018907756863317628,0.001609355776805755,-0.002559760158974534,0.000485051047923311,-0.00033586608489549557,-0.0003104594202240636,-0.0001702858358277875,0.0010159323463871165,8.354808321931078e-05,-0.0010567455505620443,0.00011078041023248164,0.00017880328094235995,0.00021231153435714902,0.001542099269995285,0.001900106966889913,0.00018713166999378785,0.0009951661808021944,-0.001652848774846323,0.0016579618326617157,0.00015845388797800766,0.00210409489221387,0.00034820134987388867
8.4,-0.0007904522652691563,-0.0017810292039339831,-0.002465830438101659,-0.001733380632465926,-0.002224161527208914,-0.0019168122995838633,-0.0012101011988073132,0.0004690764395192938,0.001665245507193693,0.005107710202945065,0.005261111307851042,0.004491142502530332,0.0019831136895882714,0.0017586515567106593,0.002221603980241186,0.0033776134486107378,0.002939807872645145,0.005449971571218293,0.007619507468116738,0.011288723863999638,0.012680904772197554,0.010246152432589903,0.009569978258257807,0.00501426051606496,0.002081874473642291,0.001355393210363933,0.0012029679486822288,-0.0010956963227816848,-6.228319940836357e-05,-0.001445253663452238,0.00040063412673077797,0.0004484095829970328,7.911737360865495e-05,0.0006374534684168424,0.002436660543705271,0.00045254139164418306,-0.0001636501812453086,-0.0017032473807620284,0.0007194535170166847,1.896691771736462e-06,0.00018904919119529305,0.002185802312878513,-0.0005213180950414159,-0.0008400695114379281,0.00019463285768387648,0.0006855136845869249,-0.0007316473920025052,-0.001585554453970549,-0.0013552758292209384,-0.0005642415948693078
8.6,-0.0004991229722630134,-0.0013249274969735151,-0.0007401525955916914,-0.001482545252395963,-0.0017745216946050586,-0.0014779749158947092,5.220352309539834e-05,0.002840294026138076,0.0028797165700210235,0.004546630364453907,0.004377149547452934,0.0033457503733350527,0.0007245333628334077,0.000718104773761905,0.0017742874469883043,0.0030227406101022277,0.001972222007243713,0.004524861447442979,0.008143830937815429,0.011596558954915405,0.011987572524192237,0.01133097038218682,0.008242133040549885,0.00583718484218121,0.0018506808577399832,0.0015129537876495617,6.910958369764e-05,0.0007859083760574695,0.0005408158969529607,-0.00030897118924296793,-0.0003003137669335082,0.0011168962592720496,-0.002544363885851985,-0.0013273004925576746,0.0018989111952435183,-0.0007086959204442115,-0.0009140716836040733,0.0018878425800688584,0.00047127709959065385,-0.0003391532470252442,-0.0012735311082298023,-0.00023749962327250916,-0.000823124444477477,-0.0004258402393784892,-0.001080469403706937,0.0008370760051008317,0.001356149033916382,8.799962215176482e-05,0.0008882990448934194,-0.00039254778299953623
8.8,0.0020073675789433988,0.0011577420989664312,0.0034942470329064382,0.0017132012093163654,0.00263900064047663,0.0001897079513690069,0.0018225495735218924,0.002496034291092386,0.001956949114577761,0.002708854322833689,0.003983398154412643,0.0022428865908608537,0.0024829516000696057,0.0009590864148911028,0.0010919209623489183,0.0030353000755856388,0.004424367468142386,0.004338023919530399,0.007731145164953395,0.01129788233503813,0.012331338612568432,0.010866152916948613,0.007717854249329737,0.005075022241050843,0.004134113427492165,0.0008205959379800577,0.0005604229622247993,-0.0009125132159518332,-0.0004537606239663701,-0.0006458233916059229,-1.8993696913233935e-05,0.0005491129006063197,0.0005969783756461407,-0.0004419671718240966,-0.0005386669510964147,-0.0011730152968623846,-0.0004887876920520224,0.00043571445719427606,-0.0005034890293666873,-0.0021344964474716657,-0.00017682535415219517,0.0010356787524445866,-0.0010995371286885288,-0.0005489983638912616,0.0006609165159231283,-0.0013056210781256686,-0.0011274071125784142,-0.0008686449658817328,-4.184675624392697e-05,-0.00046929450909607843
9.0,-0.0021407269905615997,-0.0011838303782770667,-0.002145058725499497,-0.002270012611019475,-0.00290777792741266,0.0008664923567527729,-0.0008167595946383965,0.0012545539598700418,0.001433850948351943,0.003721205522524961,0.0022904031139785084,0.002199214157461933,0.0033399860229038304,0.0004883262519251195,-0.00018715035026110232,0.002594488569287857,0.0020833783209636414,0.0034445920574294954,0.007802420349783126,0.010059744973974298,0.012495216552673513,0.011397771261890064,0.00704368529705689,0.005261520501831347,0.0032379183399843274,0.0019470069347643526,0.0009636081927092434,-0.0014873368457362344,0.0017734064234339018,-0.0008389325385739101,-0.0010198166362403696,-0.00019672447389391332,-0.000945690215404404,0.0012855629670296517,-0.0010758566347455905,9.767975311658197e-05,0.0009008852344363807,0.0008942310065855783,0.00045736120258348567,-0.00032028693036534453,-0.000279048289039462,-0.0007644856788637537,0.0002835076924170299,-0.00039253028610126636,0.0004015589643307251,0.0002520129824519593,-0.00033268877392429464,0.0003473856721882664,-4.6723217263071e-05,0.00033391782047561007
9.2,0.0017039042302707738,0.0025835983984518708,0.00568117199101873,0.005832259857980672,0.0035395857426310596,0.004868598267462467,0.00341363934838892,0.0028161690564088428,0.0020085900425667463,0.004088565521841245,0.00351455254214964,0.0005722768797405786,0.0010200545336243728,0.0015084903258625552,0.0022814486883177883,0.0017387134604164734,0.0027153808062269015,0.005930446430859544,0.008854439629002783,0.011830745137833689,0.009980014946791307,0.008738867787223641,0.007002071673937198,0.005839194152600774,0.002747952790261809,0.0013675324883564658,0.0005149624109004911,-0.0004192684200873767,-0.0003896725652697544,0.0006418910107553818,-0.00016213153405051926,-0.0012215229119932477,-0.00035610479167113847,-0.0005684203284892015,-0.0010580031781690386,-1.0469769614951784e-05,0.002244657204726312,0.0008768490375151215,0.0004118652305380182,-0.00011438348714892507,-0.00011920431139115759,0.0017099136587783578,-0.0002579966600147088,0.00234141232070986,-0.0020687447528941073,0.0014691728358715505,0.0018186106954950858,-0.001862792369134396,-0.0009667303166313972,0.00045923666292905667
9.4,-0.0010072171429943097,-0.001579148175419077,-0.0013344531386001,-0.001568386762591951,-0.0030128829185917315,-0.0006800302410562502,9.385836596788425e-05,0.0010982690013149944,0.0020180061194065165,0.0010048932922709381,0.003108062886868791,0.00174789757979414,0.00337504646652543,0.002472685061900396,0.0008268259564939863,0.0019441265878324,0.002477725333797731,0.005576688449399351,0.007073950960294815,0.011959145331743488,0.011287351197771267,0.01291544085625494,0.008197058056329877,0.005326308106365331,0.0014252132226097612,0.0008999174864240879,0.0015826297408175912,-0.00026044116540071096,0.0004666014873333362,-5.631057689812256e-06,0.0014434021706887401,0.00017787189192086393,-0.0008151258864215738,0.0005471184411683153,0.0004403461747448794,0.002154564377544812,-0.00015622892310159886,-0.00010309264494930668,0.0006386426047502706,0.0004130426642496391,-0.0003386449704746626,-0.0014055489215291832,-0.001697721396198122,0.0007013651444707247,-0.001047620576949016,0.0016520978550140595,-0.0019007385057408783,0.001404649518734009,0.0007599802785535445,0.00014056023218167322
9.6,-0.0007550899610707704,-0.0010421224863488726,7.697590653387985e-05,-0.0011276005048617588,-0.0007536776809386079,0.0005832579346851914,0.0010879532467863427,0.0008129754664855314,0.0016411827032844779,0.003018733343362945,0.003362977445020114,0.0032466267780965046,0.0017400118889026467,0.000655450775200681,0.0014289213551104904,0.001712934752123523,0.0032960856885274666,0.004130615184900674,0.007600684391792867,0.011617405915298208,0.011288714483324445,0.0111664392702713,0.008181731652253233,0.006923849238769699,0.004049638535905361,-0.0005114951831398918,0.001028282895958763,-0.0030821535623792484,-0.00015242558150389414,0.0009236690896024626,0.0008581458696763634,-0.00011586030735529346,-9.071102718977335e-05,-0.0009141040278876385,-0.00018731643651147823,0.0003595150382352069,-0.0004897050044570161,0.00038128991197869947,-0.0005428520484589926,0.0026157588043590986,0.0004556469262130773,0.00035153831245780326,0.001001317900706055,-0.0006653494839033284,0.0005605929898296518,-0.0001770937105704075,0.00030257131786197346,0.00020527329682623252,0.0003604049525487745,-0.0007281660133634535
9.8,0.00045613235350246075,0.0026025218349770623,0.0005910874470380014,0.0023390996862605014,0.001618405586047416,0.0030481057763955665,0.0015221847458565627,0.0014507011434102997,0.0018681715395802885,0.0033500901477459665,0.003028509561793965,0.003937974039150375,0.0013387439138135633,0.0025586525602165327,-0.0007114839027310904,0.0027029371300281504,0.0037751962540594733,0.0061359957406701094,0.0075814195842052075,0.013081664003719764,0.01317131526862743,0.010168378375771309,0.00910026575302252,0.0063613878544326215,0.004366053166675948,0.0009115653373549856,-0.0007528260812235796,0.0005465172613421596,0.000820922683789182,-0.0006611711447620508,-8.914279809422834e-06,0.002023786328269766,-0.0024608445331160385,-0.0009938421005706544,0.0014056506412795954,0.00046241686077255377,0.00017537448973559838,-0.0014982735975164207,-0.001533617595633594,-0.0003933108186848337,0.0022944607034789148,0.0003103924776286528,0.0001307807452151112,0.0007987178341009985,-0.00011298181852671229,-0.0012602138172508551,0.0006651696017729854,-0.0007584390180415613,0.0006572394916899595,0.0003912801058404438
10.0,0.002708573114933494,0.0029947817040969545,0.006054508031144394,0.008065585250399125,0.005207495049403709,0.0031129106579021533,0.001696987370292347,0.0009605707683630832,0.002013883170132404,0.0016551826801281745,0.003569748171962937,0.002209301772179046,0.0013808851739050107,0.0004026500629462209,0.002108208034909174,0.0004022459716781062,0.0023315041192152313,0.005570917441258095,0.009687872915178633,0.009683374373105947,0.013213561263108433,0.009633494000740017,0.008811163742797428,0.006829740164504676,0.003032712830372565,0.0018421398596458558,0.0003489130109897347,8.297122686524189e-05,0.0004746423568441506,0.0011402355396450386,0.0018810416981918268,-0.0018680965605357047,-0.0009708907255598042,-0.0020345906883794595,-0.0008848479530110257,-0.001972140897501114,0.00024100409879151193,-0.0013879892618227291,0.00219257500656341,0.0009114144079929855,-0.0006337028649318076,-0.0020697126051727787,-0.0006679450270224616,-0.001558013731494985,-0.0005745422834946009,0.00042140856459803343,0.0012101077503476672,-6.936894616884346e-05,-0.00033532034343082225,5.9548225158902014e-05
