,r4,r5,v_sum,r0,r1,r2,r3,f,Csat
0.0,6.99378532571,0.0,0.664988245736,0.362208978536,0.0265066890445,0.0,0.0,0.0,1.003993
0.52631425,0.854870156227,0.0,0.082407556365,0.509644530146,0.245182464348,0.0,0.0,0.0,1.10228046835
1.0526285,0.630636953204,0.0,0.0623569597838,0.478677148751,0.336642320796,0.0,0.0,0.0,1.21627603096
1.57894275,0.566119571089,0.0,0.0566577645995,0.440753095169,0.358752197638,0.0,0.0,0.0,1.32008842755
2.105257,0.520241132142,0.0,0.0523522337427,0.40466186136,0.351790513779,0.0,0.0,0.0,1.39849681957
2.63157125,0.479304318209,0.0,0.0483604358162,0.37149140811,0.333595119503,0.0,0.0,0.0,1.45262831371
3.1578855,0.441799649798,0.0,0.0446353088148,0.341248522556,0.311687500904,0.0,0.0,0.0,1.48705275127
3.68419975,0.407447335725,0.0,0.0411917253723,0.313727504623,0.289227403184,0.0,0.0,0.0,1.50813850227
4.210514,4.97865368192e-07,0.0,0.00223118773625,0.286479966862,0.268587897395,0.0,0.0,0.0,1.51259239777
4.73682825,6.94275640883e-08,0.0,0.00219291274199,0.247062783235,0.252525041349,0.0,0.0,0.0,1.51345335247
5.2631425,4.19216718817e-08,0.0,0.00207407530905,0.214762036211,0.232559745895,0.0,0.0,0.0,1.51359772024
5.78945675,3.02655709285e-08,0.0,0.00192453139918,0.18812205076,0.212087191394,0.0,0.0,0.0,1.50932632672
6.315771,2.35881628375e-08,0.0,0.00176891612904,0.165980066435,0.192636416554,0.0,0.0,0.0,1.50541915289
6.84208525,1.92226839515e-08,0.0,0.0016189350032,0.147426884085,0.174815470034,0.0,0.0,0.0,1.50141759451
7.3683995,1.61421721705e-08,0.0,0.00147967835334,0.131755661345,0.158785333364,0.0,0.0,0.0,1.4971637587
7.89471375,1.38548935848e-08,0.0,0.00135287973934,0.118415924524,0.144497961835,0.0,0.0,0.0,1.49305281319
8.421028,1.20929189246e-08,0.0,0.00123861121995,0.106977636276,0.131816142571,0.0,0.0,0.0,1.48858212749
8.94734225,1.06968977545e-08,0.0,0.00113616494004,0.0971024634193,0.120572487227,0.0,0.0,0.0,1.48449518746
9.4736565,9.56586979074e-09,0.0,0.00104451133925,0.0885222662592,0.110597909377,0.0,0.0,0.0,1.48056218277
9.99997075,8.63270011887e-09,0.0,0.000962533603577,0.08102288474,0.101734466112,0.0,0.0,0.0,1.47625710518
10.526285,7.85099689743e-09,0.0,0.000889143608289,0.0744319338785,0.0938403182746,0.0,0.0,0.0,1.47647253069
11.05259925,7.18768888995e-09,0.0,0.00082333502914,0.0686096284639,0.0867908121895,0.0,0.0,0.0,1.47322783079
11.5789135,6.61857135941e-09,0.0,0.000764202881795,0.0634417547708,0.080477664566,0.0,0.0,0.0,1.47116305036
12.10522775,6.12553526708e-09,0.0,0.000710946461013,0.0588343491656,0.0748074237559,0.0,0.0,0.0,1.46903573265
12.631542,5.69477109729e-09,0.0,0.000662863891867,0.0547095886431,0.0696996814181,0.0,0.0,0.0,1.46738767175
13.15785625,5.31557200406e-09,0.0,0.000619343127652,0.0510026103292,0.0650853164606,0.0,0.0,0.0,1.46645636265
13.6841705,4.97951494464e-09,0.0,0.000579851839465,0.0476590298879,0.0609048849253,0.0,0.0,0.0,1.46501297076
14.21048475,4.6798870148e-09,0.0,0.000543927411357,0.0446329877263,0.0571071933631,0.0,0.0,0.0,1.46354126557
14.736799,4.41127566703e-09,0.0,0.000511167680072,0.0418856034694,0.0536480656777,0.0,0.0,0.0,1.46245174349
15.26311325,4.16927147957e-09,0.0,0.000481222686792,0.0393837485486,0.0504892942885,0.0,0.0,0.0,1.46135667918
15.7894275,3.95024813662e-09,0.0,0.000453787416023,0.0370990593079,0.0475977479088,0.0,0.0,0.0,1.46595294531
16.31574175,3.75119771358e-09,0.0,0.000428595516699,0.0350071417912,0.0449446193375,0.0,0.0,0.0,1.47624855419
16.842056,3.56960546284e-09,0.0,0.000405413886025,0.0330869246236,0.0425047895032,0.0,0.0,0.0,1.48540726841
17.36837025,3.40335387671e-09,0.0,0.000384038059356,0.031320133146,0.0402562944357,0.0,0.0,0.0,1.49251617545
17.8946845,3.2506480398e-09,0.0,0.000364288260105,0.0296908565491,0.0381798744337,0.0,0.0,0.0,1.49905386883
18.42099875,3.10995719701e-09,0.0,0.000346006044418,0.0281851920419,0.0362585950528,0.0,0.0,0.0,1.50444369742
18.947313,2.97996846969e-09,0.0,0.00032905143396,0.0267909493795,0.0344775260825,0.0,0.0,0.0,1.50878399049
19.47362725,2.8595495741e-09,0.0,0.0003133004204,0.025497400579,0.0328234644283,0.0,0.0,0.0,1.51249346141
19.9999415,2.74771919503e-09,0.0,0.000298642891958,0.0242950757436,0.0312847051152,0.0,0.0,0.0,1.51514717281
20.52625575,2.64362345734e-09,0.0,0.000284980902286,0.023175595084,0.0298508509263,0.0,0.0,0.0,1.51759549232
21.05257,2.5465155481e-09,0.0,0.000272227063455,0.022131516845,0.0285126369706,0.0,0.0,0.0,1.51994412525
21.57888425,2.45573993859e-09,0.0,0.000260303261237,0.0211562165771,0.0272617907163,0.0,0.0,0.0,1.52223720776
22.1051985,2.37071896607e-09,0.0,0.000249139512316,0.0202437814269,0.0260909080447,0.0,0.0,0.0,1.52344408807
22.63151275,2.29094180398e-09,0.0,0.000238672994285,0.0193889212952,0.0249933483385,0.0,0.0,0.0,1.52488977603
23.157827,2.21595513827e-09,0.0,0.00022884718593,0.0185868910006,0.0239631417983,0.0,0.0,0.0,1.52496523056
23.68414125,2.14535532135e-09,0.0,0.000219611119953,0.017833423253,0.0229949090907,0.0,0.0,0.0,1.52493633867
24.2104555,2.07878190124e-09,0.0,0.000210918759396,0.0171246730477,0.0220837944047,0.0,0.0,0.0,1.52657867452
24.73676975,2.01591197971e-09,0.0,0.000202728431253,0.0164571676327,0.0212254048054,0.0,0.0,0.0,1.52724514985
25.263084,1.95645580598e-09,0.0,0.000195002379228,0.0158277670267,0.0204157623537,0.0,0.0,0.0,1.5270795703
25.78939825,1.9001523199e-09,0.0,0.000187706292796,0.015233623095,0.0196512539049,0.0,0.0,0.0,1.52730681442
26.3157125,1.84676592559e-09,0.0,0.000180808960179,0.0146721492998,0.0189285940853,0.0,0.0,0.0,1.5279010058
26.84202675,1.79608346134e-09,0.0,0.000174281937057,0.014140992079,0.0182447900328,0.0,0.0,0.0,1.52777026205
27.368341,1.74791162543e-09,0.0,0.000168099259194,0.0136380061129,0.0175971108431,0.0,0.0,0.0,1.52784576473
27.89465525,1.70207474532e-09,0.0,0.000162237188993,0.0131612326006,0.016983060652,0.0,0.0,0.0,1.528221647
28.4209695,1.65841283838e-09,0.0,0.000156673991524,0.012708880133,0.0164003548727,0.0,0.0,0.0,1.52849210041
28.94728375,1.61677993464e-09,0.0,0.000151389739166,0.0122793080594,0.0158468994836,0.0,0.0,0.0,1.52876072351
29.473598,1.57704259159e-09,0.0,0.000146366134176,0.011871011437,0.0153207722383,0.0,0.0,0.0,1.52896634346
29.99991225,1.53907856169e-09,0.0,0.000141586345013,0.0114826072001,0.0148202053467,0.0,0.0,0.0,1.52822359775
30.5262265,1.50277568064e-09,0.0,0.000137034873118,0.0111128229112,0.014343571384,0.0,0.0,0.0,1.52914723205
31.05254075,1.46803086264e-09,0.0,0.000132697428782,0.0107604863136,0.0138893701705,0.0,0.0,0.0,1.52861722572
31.578855,1.43474921182e-09,0.0,0.000128560820171,0.0104245160122,0.0134562170496,0.0,0.0,0.0,1.53019060499
32.10516925,1.4028432351e-09,0.0,0.000124612853995,0.0101039131503,0.0130428324024,0.0,0.0,0.0,1.52843539463
32.6314835,1.3722321069e-09,0.0,0.000120842242015,0.00979775359939,0.0126480317849,0.0,0.0,0.0,1.52904111744
33.15779775,1.34284118402e-09,0.0,0.000117238537237,0.00950518260325,0.0122707191896,0.0,0.0,0.0,1.52845155651
33.684112,1.31460126108e-09,0.0,0.000113792040449,0.00922540702513,0.011909877205,0.0,0.0,0.0,1.52788463026
34.21042625,1.28744819109e-09,0.0,0.000110493747961,0.00895769097924,0.0115645615021,0.0,0.0,0.0,1.52868229315
34.7367405,1.26132241552e-09,0.0,0.000107335290516,0.00870135075879,0.011233894401,0.0,0.0,0.0,1.52958839109
35.26305475,1.23616856642e-09,0.0,0.000104308880511,0.00845575045701,0.0109170593136,0.0,0.0,0.0,1.52883023755
35.789369,1.21193510883e-09,0.0,0.000101407264264,0.00822029801115,0.010613295719,0.0,0.0,0.0,1.52877849825
36.31568325,1.18857401895e-09,0.0,9.86236787711e-05,0.00799444162323,0.0103218946134,0.0,0.0,0.0,1.52897434627
36.8419975,1.16604049384e-09,0.0,9.59518124867e-05,0.0077776665172,0.0100421943838,0.0,0.0,0.0,1.52907348793
37.36831175,1.14429268923e-09,0.0,9.33857697e-05,0.00756949199682,0.00977357706229,0.0,0.0,0.0,1.52841465659
37.894626,1.12329148233e-09,0.0,9.09200381442e-05,0.00736946877268,0.00951546491947,0.0,0.0,0.0,1.52825564376
38.42094025,1.10300025683e-09,0.0,8.85494595033e-05,0.00717717653088,0.00926731736478,0.0,0.0,0.0,1.52867377535
38.9472545,1.08338470786e-09,0.0,8.62692025258e-05,0.00699222171837,0.00902862812075,0.0,0.0,0.0,1.52912164047
39.47356875,1.06441266469e-09,0.0,8.40747384872e-05,0.0068142355234,0.00879892264474,0.0,0.0,0.0,1.52910383997
39.999883,1.04605392974e-09,0.0,8.19618188621e-05,0.00664287203919,0.00857775578332,0.0,0.0,0.0,1.52899635205
40.52619725,1.02828013935e-09,0.0,7.99264565397e-05,0.0064778067189,0.00836470979897,0.0,0.0,0.0,1.52887064506
41.0525115,1.01106461134e-09,0.0,7.7964902994e-05,0.0063187345032,0.00815939197335,0.0,0.0,0.0,1.52849080021
41.57882575,9.94382232547e-10,0.0,7.60736333353e-05,0.00616536859217,0.00796143303747,0.0,0.0,0.0,1.52885019818
42.10514,9.78209346498e-10,0.0,7.42493305056e-05,0.00601743914878,0.00777048551238,0.0,0.0,0.0,1.52842921875
42.63145425,9.62523650636e-10,0.0,7.24888707592e-05,0.00587469210862,0.00758622218523,0.0,0.0,0.0,1.52913541068
43.1577685,9.47304126758e-10,0.0,7.07893140242e-05,0.00573688838762,0.00740833509682,0.0,0.0,0.0,1.52816140991
43.68408275,9.32530861e-10,0.0,6.91478782132e-05,0.00560380178664,0.00723653284863,0.0,0.0,0.0,1.52921740387
44.210397,9.18185093977e-10,0.0,6.75619453854e-05,0.00547521948537,0.00707054124594,0.0,0.0,0.0,1.52854721274
44.73671125,9.04249069491e-10,0.0,6.6029041783e-05,0.00535094041439,0.00691010120519,0.0,0.0,0.0,1.52854226199
45.2630255,8.90705983843e-10,0.0,6.45468299047e-05,0.00523077460587,0.00675496792214,0.0,0.0,0.0,1.52928001826
45.78933975,8.7753992357e-10,0.0,6.31130996042e-05,0.0051145424658,0.00660490993821,0.0,0.0,0.0,1.5289525108
46.315654,8.64735807969e-10,0.0,6.17257598589e-05,0.00500207410133,0.00645970827718,0.0,0.0,0.0,1.52898654417
46.84196825,8.52279335971e-10,0.0,6.03828311526e-05,0.00489320869849,0.00631915564634,0.0,0.0,0.0,1.52896713841
47.3682825,8.40156937004e-10,0.0,5.90824384195e-05,0.0047877939459,0.00618305569662,0.0,0.0,0.0,1.52882427196
47.89459675,8.2835572549e-10,0.0,5.78228045033e-05,0.00468568550083,0.00605122233679,0.0,0.0,0.0,1.52893160413
48.420911,8.16863458669e-10,0.0,5.66022440892e-05,0.00458674649391,0.00592347909718,0.0,0.0,0.0,1.52835868647
48.94722525,8.05668497483e-10,0.0,5.54191580692e-05,0.00449084706942,0.00579965853902,0.0,0.0,0.0,1.52891678092
49.4735395,7.94759770251e-10,0.0,5.42720283066e-05,0.00439786395824,0.00567960170563,0.0,0.0,0.0,1.52864021399
49.99985375,7.84126738917e-10,0.0,5.31594127675e-05,0.00430768008084,0.00556315761209,0.0,0.0,0.0,1.52759778421
50.526168,7.73759367656e-10,0.0,5.20799409902e-05,0.00422018417791,0.00545018277031,0.0,0.0,0.0,1.52842981439
51.05248225,7.63648093656e-10,0.0,5.1032309866e-05,0.00413527046646,0.00534054074691,0.0,0.0,0.0,1.52842713704
51.5787965,7.53783799894e-10,0.0,5.00152797069e-05,0.00405283831942,0.00523410175105,0.0,0.0,0.0,1.52880964901
52.10511075,7.44157789758e-10,0.0,4.90276705787e-05,0.00397279196689,0.00513074225018,0.0,0.0,0.0,1.52866733322
52.631425,7.34761763373e-10,0.0,4.80683588788e-05,0.00389504021736,0.00503034461145,0.0,0.0,0.0,1.52856917367
53.15773925,7.25587795484e-10,0.0,4.71362741406e-05,0.00381949619752,0.00493279676679,0.0,0.0,0.0,1.52781812975
53.6840535,7.16628314802e-10,0.0,4.62303960468e-05,0.00374607710904,0.00483799190007,0.0,0.0,0.0,1.5278992519
54.21036775,7.07876084685e-10,0.0,4.53497516374e-05,0.00367470400129,0.00474582815445,0.0,0.0,0.0,1.52833492305
54.736682,6.99324182391e-10,0.0,4.44934123393e-05,0.00360530152971,0.00465620832131,0.0,0.0,0.0,1.52831681984
55.26299625,6.90965991448e-10,0.0,4.3660492713e-05,0.00353779785347,0.0045690397088,0.0,0.0,0.0,1.52851705717
55.7893105,6.82795173864e-10,0.0,4.28501467201e-05,0.00347212433212,0.0044842337509,0.0,0.0,0.0,1.52903403811
56.31562475,6.74805661914e-10,0.0,4.20615663114e-05,0.00340821541058,0.00440170585954,0.0,0.0,0.0,1.52920221172
56.841939,6.66991642824e-10,0.0,4.12939792813e-05,0.00334600844464,0.0043213751998,0.0,0.0,0.0,1.52856370413
57.36825325,6.59347545666e-10,0.0,4.05466473767e-05,0.00328544354714,0.00424316449179,0.0,0.0,0.0,1.52851026332
57.8945675,6.51868029055e-10,0.0,3.98188645211e-05,0.00322646344358,0.00416699982471,0.0,0.0,0.0,1.52874192043
58.42088175,6.44547969572e-10,0.0,3.91099551468e-05,0.00316901333648,0.00409281048211,0.0,0.0,0.0,1.5282170456
58.947196,6.37581653398e-10,0.0,0.00160313731333,0.00300601672911,0.0256092683205,0.490108077245,0.0265063826607,0.000346837184,1.5287304185
59.47351025,6.30939956224e-10,0.0,0.00643987092784,0.00262808176095,0.0714114875298,1.21176954149,0.0735205485517,0.000886026172969,1.78763301575
59.9998245,6.24261274138e-10,0.0,0.0115665437212,0.00210363261833,0.103282636916,1.35813804914,0.0955280517845,0.0010391467527,2.5257481164
60.52613875,6.17760593178e-10,0.0,0.0221600111384,0.00149931077531,0.106730497959,1.30284258631,0.114859340419,0.00110879012395,2.95620179925
61.052453,6.11057200896e-10,0.0,0.0284759410352,0.000965240068008,0.0843112492444,0.838570633099,0.100616153872,0.000849944653862,3.22046835931
61.57876725,6.06064298072e-10,0.0,0.0801602623017,0.000469482696932,0.0464117357006,0.443857142394,0.11538778466,0.00105412020342,3.08341390804
62.1050815,6.01656559674e-10,0.0314849359135,0.103002036806,0.000143666725504,0.0145436655214,0.0554877756713,0.0692386976673,0.001035410978,2.70924442231
62.63139575,5.97270177527e-10,0.101815622647,0.11343946219,2.36929120028e-05,0.00232308318269,0.0039522707462,0.0193853147224,0.00120858886555,2.34470106776
63.15771,5.88892190489e-10,0.205074252954,0.00418613849652,2.89077391344e-06,0.000268886115075,0.000391792522353,0.00260636112705,0.000296082973621,2.06225328561
63.68402425,5.79792416009e-10,0.247282559813,-0.0261509897339,3.22800798523e-07,2.81671755079e-05,4.02943748839e-05,0.000296641797428,6.09090597478e-05,1.89334624361
64.2103385,5.70868673222e-10,0.245000781643,-0.0324247239863,3.45215595571e-08,2.82077571059e-06,4.01089400975e-06,3.17230036681e-05,0.0,1.79190051031
64.73665275,5.62397826048e-10,0.228025073082,-0.0301760029746,3.59669170194e-09,2.75665901374e-07,3.91093007895e-07,3.30510820484e-06,0.0,1.71529366512
65.262967,5.54384529113e-10,0.204109386624,-0.0270108835717,3.63252665639e-10,2.62248920948e-08,3.71101866514e-08,3.33803691557e-07,0.0,1.65760669554
65.78928125,5.46830972078e-10,0.173627081882,-0.0229769781259,3.54883604448e-11,2.43037794659e-09,3.42868588734e-09,3.26113100762e-08,0.0,1.6228559664
66.3155955,5.3977013736e-10,0.130505612228,-0.017270487278,3.38814166043e-12,2.22765592294e-10,3.13356298021e-10,3.11346414134e-09,0.0,1.62835977829
66.84190975,5.33076408266e-10,0.10364586413,-0.0137159967617,3.14856765726e-13,2.00288317068e-11,2.81106230304e-11,2.89331245726e-10,0.0,1.62437056308
67.368224,5.266521815e-10,0.0903562527398,-0.01195731328,2.90913016696e-14,1.79700281896e-12,2.51893870832e-12,2.67328622083e-11,0.0,1.60570098999
67.89453825,5.20460695689e-10,0.0809347732647,-0.0107105198507,2.6635790649e-15,1.60180346366e-13,2.24317664826e-13,2.44764200587e-12,0.0,1.58520748539
68.4208525,5.14481773729e-10,0.0728523793357,-0.00964093458477,2.41184706267e-16,1.41525129206e-14,1.9798994917e-14,2.21631797902e-13,0.0,1.56634748468
68.94716675,5.08700592639e-10,0.0653927787725,-0.0086537668074,2.17019724584e-17,1.24527816123e-15,1.74076762105e-15,1.99425877311e-14,0.0,1.55005842371
69.473481,5.03106249725e-10,0.0579995035606,-0.00767537620906,1.9308726997e-18,1.08586763197e-16,1.51652214407e-16,1.77433632854e-15,0.0,1.53736267088
69.99979525,4.97690528075e-10,0.0502691791896,-0.00665238214078,1.68485854052e-19,9.30984503908e-18,1.2989703989e-17,1.54826660061e-16,0.0,1.52929800205
70.5261095,4.92448271802e-10,0.0416508201849,-0.0055118698262,1.45665661616e-20,7.93131477164e-19,1.10577083879e-18,1.33856506568e-17,0.0,1.52761177107
71.05242375,4.87364246314e-10,0.0342093318159,-0.00452709892974,1.24260199128e-21,6.68407659222e-20,9.31219669998e-20,1.14186390562e-18,0.0,1.52773372274
71.578738,4.82421947538e-10,0.028474811231,-0.00376821996675,1.0875030662e-22,5.79056958031e-21,8.06516895697e-21,9.99338891204e-20,0.0,1.52749097211
72.10505225,4.77609182972e-10,0.0238571251645,-0.00315713752993,9.45043241122e-24,4.98928943613e-22,6.94580364351e-22,8.68428321999e-21,0.0,1.52737511989
72.6313665,4.72916033024e-10,0.0200927953343,-0.0026589841665,7.95698896015e-25,4.17065370486e-23,5.8028149738e-23,7.31191363243e-22,0.0,1.52740264713
73.15768075,4.68334878949e-10,0.0168594517984,-0.00223109898375,6.59328677969e-26,3.43499190447e-24,4.77765800053e-24,6.05876715926e-23,0.0,1.52797705619
73.683995,4.63856503803e-10,0.0146321699975,-0.00193635118803,5.49511569672e-27,2.84782369283e-25,3.96018874375e-25,5.0496251068e-24,0.0,1.52725432951
74.21030925,4.59477395612e-10,0.0123227261192,-0.00163073045685,4.56058707004e-28,2.35304168753e-26,3.27144525941e-26,4.19085897372e-25,0.0,1.52804772906
74.7366235,4.55189576084e-10,0.0109615275838,-0.00145059596854,3.75690349306e-29,1.93072802238e-27,2.68390610262e-27,3.45233024771e-26,0.0,1.52700021264
75.26293775,4.50991796291e-10,0.00917339881757,-0.00121396358014,3.30141298014e-30,1.6910508852e-28,2.35065882758e-28,3.03376647618e-27,0.0,1.52817246402
75.789252,4.46878195534e-10,0.0080041486689,-0.00105923062113,2.8013057332e-31,1.43075258128e-29,1.98837195101e-29,2.57420306372e-28,0.0,1.52818876458
76.31556625,4.42845212739e-10,0.00702319985993,-0.000929416558713,2.31493834037e-32,1.17935383296e-30,1.63866899973e-30,2.12726561302e-29,0.0,1.52817401563
76.8418805,4.38889297005e-10,0.00627745280258,-0.000830727968563,1.90643112151e-33,9.69044019173e-32,1.34636550203e-31,1.7518761907e-30,0.0,1.52782248489
77.36819475,4.35008245157e-10,0.00549887728177,-0.000727695016926,1.55037613386e-34,7.86500850658e-33,1.0926357831e-32,1.42468668304e-31,0.0,1.52800987056
77.894509,4.31199143616e-10,0.0048770219539,-0.000645401664315,1.23680837752e-35,6.26328085901e-34,8.70041206831e-34,1.13653995535e-32,0.0,1.52801560217
78.42082325,4.27460001661e-10,0.00422760398705,-0.000559460804189,9.38491685845e-37,4.74536509835e-35,6.59073930357e-35,8.62407884958e-34,0.0,1.52848610454
78.9471375,4.23788151051e-10,0.00373230447939,-0.000493915242114,6.91564297581e-38,3.49211658198e-36,4.8496865033e-36,6.35498972659e-35,0.0,1.52868417876
79.47345175,4.20180944951e-10,0.00342227614448,-0.000452887578862,5.025242926e-39,2.53442237338e-37,3.51948901773e-37,4.61784496797e-36,0.0,1.52836053878
79.999766,4.16636945903e-10,0.00303430400586,-0.000401545206278,3.59420603146e-40,1.81071890589e-38,2.51444887614e-38,3.30282266026e-37,0.0,1.52854892016
80.52608025,4.131546346e-10,0.00259626202162,-0.000343576830348,2.55738518925e-41,1.28718302512e-39,1.78736883729e-39,2.35005719388e-38,0.0,1.52919135088
81.0523945,4.09730529104e-10,0.00261611826024,-0.000346204510103,1.82056615583e-42,9.15467060258e-41,1.27118759238e-40,1.672972301e-39,0.0,1.52795543189
81.57870875,4.06365123791e-10,0.00215594514838,-0.000285307406828,1.27057002481e-43,6.38414296954e-42,8.86448252935e-42,1.16756452264e-40,0.0,1.5289651202
82.105023,4.03055352246e-10,0.00206572902086,-0.000273368637315,8.93297876617e-45,4.48513629242e-43,6.22766304056e-43,8.20877942083e-42,0.0,1.52845283418
82.63133725,3.998009888e-10,0.00168116217391,-0.000222476904677,6.06933042757e-46,3.04550321032e-44,4.22846931434e-44,5.57728792811e-43,0.0,1.52945542013
83.1576515,3.96599103532e-10,0.00167814521668,-0.000222077655326,4.11883269581e-47,2.06553099226e-45,2.86782324538e-45,3.78491764634e-44,0.0,1.52873351979
83.68396575,3.93448607414e-10,0.00163139542864,-0.00021589101279,2.81569718897e-48,1.41120474677e-46,1.95931572666e-46,2.58742773696e-45,0.0,1.52823640121
84.21028,3.90348917888e-10,0.00141812434031,-0.000187667739658,2.11785292531e-49,1.06091991177e-47,1.47300667895e-47,1.94615792316e-46,0.0,1.5286319522
84.73659425,3.87298105654e-10,0.00137952336106,-0.000182559471404,1.61251612149e-50,8.07374182088e-49,1.12097412805e-48,1.48178893056e-47,0.0,1.52821622647
85.2629085,3.8429546366e-10,0.00122753985108,-0.000162446702574,1.27506396401e-51,6.38136838199e-50,8.85997420506e-50,1.17169412427e-48,0.0,1.52843331752
85.78922275,3.81339466299e-10,0.00112401275334,-0.00014874642304,8.4785399958e-53,4.24157420517e-51,5.88883763314e-51,7.79118205911e-50,0.0,1.52846908481
86.315537,3.78429177727e-10,0.0010032497473,-0.000132765226024,4.68362242978e-54,2.34223408623e-52,3.25174165318e-52,4.30391966191e-51,0.0,1.52866158854
86.84185125,3.75563823017e-10,0.000815320417054,-0.000107895559648,2.58662297557e-55,1.29317043603e-53,1.79533455284e-53,2.37692462045e-52,0.0,1.52932772829
87.3681655,3.72741577742e-10,0.00084316782403,-0.000111580752258,1.42825175247e-56,7.13833456328e-55,9.91018022151e-55,1.31246292243e-53,0.0,1.52880541309
87.89447975,3.69961751069e-10,0.000793933185957,-0.000105065276547,7.88479008788e-58,3.93966731054e-56,5.46943996466e-56,7.24556760299e-55,0.0,1.52873424238
88.420794,3.67223775244e-10,0.000633004081164,-8.37686905586e-05,4.35199863676e-59,2.17400581014e-57,3.0181638234e-57,3.99918069275e-56,0.0,1.52938929609
88.94710825,3.64526151803e-10,0.00062766070749,-8.30615743591e-05,2.40173099486e-60,1.19949769866e-58,1.66524945565e-58,2.20702187935e-57,0.0,1.52914831839
89.4734225,3.61868067427e-10,0.000599465984543,-7.93304201404e-05,4.29568728092e-62,2.14494502554e-60,2.97705516144e-60,3.94743450576e-59,0.0,1.52905703608
89.99973675,3.59248098391e-10,0.000737899930313,-9.76501051337e-05,2.37002063447e-63,1.18309695578e-61,1.64259123375e-61,2.17788228213e-60,0.0,1.52792240209
90.526051,3.56666926544e-10,0.000436194270436,-5.77238247004e-05,4.23388390514e-65,2.11320265537e-63,2.93214925813e-63,3.89064153909e-62,0.0,1.529571101
91.05236525,3.54122438342e-10,0.000499398186385,-6.60879281857e-05,7.560901103e-67,3.77310384261e-65,5.25011492759e-65,6.94793634472e-64,0.0,1.52894794825
91.5786795,3.51614314926e-10,0.000427403458732,-5.6560491303e-05,1.3496219077e-68,6.73397496086e-67,9.24490609796e-67,1.24020761065e-65,0.0,1.52922687177
92.10499375,3.49140968609e-10,0.000598908237631,-7.92566118003e-05,2.40833769845e-70,1.20139063166e-68,1.75519098227e-68,2.21309295703e-67,0.0,1.52788787421
92.631308,3.46703053718e-10,0.000358740334958,-4.74739431353e-05,4.29501150929e-72,2.1422788704e-70,2.23360656418e-70,3.94681348672e-69,0.0,1.52927288844
93.15762225,3.4429872977e-10,0.00044248013913,-5.85556676075e-05,7.65756277439e-74,3.81886272061e-72,1.15729113124e-71,7.03676158437e-71,0.0,1.52852074349
93.6839365,3.41927781826e-10,0.000382551891289,-5.06250508046e-05,1.36472008999e-75,6.80500069864e-74,-4.36798316183e-73,1.25408177156e-72,0.0,1.52875299806
94.21025075,3.39589266954e-10,0.000399097018921,-5.28145539024e-05,2.43140340204e-77,1.21221636439e-75,4.66857271478e-74,2.23428870444e-74,0.0,1.52846877777
94.736565,3.37282881605e-10,0.000304011875935,-4.02314421286e-05,4.33020286493e-79,2.15866196363e-77,-3.78207567754e-75,3.97915184632e-76,0.0,1.52899530248
95.26287925,3.3500770682e-10,0.000287964056403,-3.81077508403e-05,7.70982268468e-81,3.84305447704e-79,3.23432261038e-76,7.08478472894e-78,0.0,1.52898676549
95.7891935,3.32762982712e-10,0.000312950586984,-4.1414348728e-05,1.37238967116e-82,6.84008459096e-81,-2.73411350893e-77,1.26112957061e-79,0.0,1.52867169315
96.31550775,3.30548454876e-10,0.000225580054346,-2.98521514958e-05,2.44220200578e-84,1.21711330877e-82,2.31681128083e-78,2.24421185009e-81,0.0,1.52922154769
96.841822,3.28363327925e-10,0.000196394670214,-2.598989788e-05,4.34508169875e-86,2.16529600453e-84,-1.9621741725e-79,3.99282442747e-83,0.0,1.52936662822
97.36813625,3.26207104377e-10,0.000138589610251,-1.8340253562e-05,7.72917674784e-88,3.85151304334e-86,1.66197686742e-80,7.10256971529e-85,0.0,1.52979010674
97.8944505,3.24078929674e-10,0.000172335727778,-2.28060531824e-05,1.37474539887e-89,6.85005434751e-88,-1.407664478e-81,1.26329431226e-86,0.0,1.52942879087
98.42076475,3.21978430889e-10,0.000150769212099,-1.99520440855e-05,2.44480628965e-91,1.2181285614e-89,1.1922586561e-82,2.24660499243e-88,0.0,1.52954557032
98.947079,3.19904978433e-10,0.00015946455706,-2.11027445505e-05,4.34722575915e-93,2.16589029748e-91,-1.00980459431e-83,3.99479464813e-90,0.0,1.5294029654
99.47339325,3.17857919102e-10,0.000213353968704,-2.82342111416e-05,7.72909856163e-95,3.85052884734e-93,8.55264374423e-85,7.10249783229e-92,0.0,1.52887289751
99.9997075,3.15836618777e-10,0.000313764084086,-4.1522004647e-05,1.37398239196e-96,6.84422749383e-95,-7.24366568952e-86,1.26259315634e-93,0.0,1.52798902152
100.52602175,3.13841176019e-10,0.000221263161304,-2.9280876157e-05,2.44176219233e-98,1.21622151552e-96,6.13489360146e-87,2.24380767011e-95,0.0,1.52858000897
101.052336,3.11870780817e-10,0.000233267477384,-3.08694699871e-05,4.33855693679e-100,2.16082108161e-98,-5.19576753303e-88,3.98682859076e-97,0.0,1.52838665745
101.57865025,3.09924806776e-10,0.000299591214689,-3.96464356175e-05,7.70744509854e-102,3.83829072829e-100,4.40034320234e-89,7.08259978867e-99,0.0,1.52776484923
102.1049645,3.08003177129e-10,0.000239440669514,-3.16864010083e-05,1.36884862208e-103,6.81625893599e-102,-3.72661618324e-90,1.25787557692e-100,0.0,1.52810660784
102.63127875,3.06105786102e-10,5.57455547494e-05,-7.37707031835e-06,2.43043959131e-105,1.21022741847e-103,3.15598328028e-91,2.23340298565e-102,0.0,1.5297037761
103.157593,3.042313508e-10,0.000155568082203,-2.05871052403e-05,4.31527220157e-107,2.14865428224e-105,-2.6727235384e-92,3.96543153838e-104,0.0,1.52868856895
103.68390725,3.02379869314e-10,0.000113439922364,-1.50120667019e-05,7.66068950142e-109,3.81424749533e-107,2.2634389251e-93,7.03963465108e-106,0.0,1.52901194606
104.2102215,3.00550725967e-10,0.000139556355376,-1.84681904212e-05,1.35984500741e-110,6.77031793264e-109,-1.91681696885e-94,1.24960188262e-107,0.0,1.52871780924
104.73653575,2.98743565483e-10,0.000149939662786,-1.98422677194e-05,2.41357526487e-112,1.20159341971e-110,1.6232626127e-95,2.2179058458e-109,0.0,1.52856339081
105.26285,2.96958056094e-10,0.000138403918346,-1.83156827715e-05,4.28326656497e-114,2.13231134033e-112,-1.37465189394e-96,3.93602059191e-111,0.0,1.52860386103
105.78916425,2.95193849549e-10,0.000112577664355,-1.48979602952e-05,7.60036407168e-116,3.78349096917e-114,1.16410643525e-97,6.98419979334e-113,0.0,1.52878749758
106.3154785,2.934504689e-10,0.000121445795721,-1.60715264531e-05,1.34850751474e-117,6.71263609266e-116,-9.85801895183e-99,1.23918351887e-114,0.0,1.52865426578
106.84179275,2.9172749107e-10,0.000151185834974,-2.0007180841e-05,2.39238881814e-119,1.19082609725e-117,8.34802115101e-100,2.19843698194e-116,0.0,1.52832759919
107.368107,2.90024699122e-10,0.000130876370815,-1.73195238782e-05,4.24376388927e-121,2.11226190932e-119,-7.06924662928e-101,3.89972039475e-118,0.0,1.52844839239
107.89442125,2.88341784577e-10,9.35524638745e-05,-1.23802571213e-05,7.52691156697e-123,3.74627005697e-121,5.98630505084e-102,6.91670207869e-120,0.0,1.52875348634
108.4207355,2.86678322321e-10,8.43876792368e-05,-1.11674336159e-05,1.33489323914e-124,6.64379036915e-123,-5.06922922078e-103,1.22667295206e-121,0.0,1.52880709275
108.94704975,2.85033890092e-10,0.000107443129219,-1.42184814975e-05,2.36727354188e-126,1.17815222956e-124,4.29262458565e-104,2.1753578006e-123,0.0,1.5285391951
109.473364,2.83408150139e-10,0.000136089715135,-1.80094335034e-05,4.19773287462e-128,2.08904085359e-126,-3.63497305279e-105,3.85742111424e-125,0.0,1.52822133126
109.99967825,2.81800995969e-10,8.61862730457e-05,-1.14054513629e-05,7.44258011539e-130,3.70375708652e-128,3.07804774932e-106,6.83920737876e-127,0.0,1.52864766193
110.5259925,2.80211906477e-10,0.000112297463634,-1.4860881302e-05,1.3194842109e-131,6.56607750763e-130,-2.60643788168e-107,1.2125131341e-128,0.0,1.52835039926
111.05230675,2.78640658935e-10,0.000108599143229,-1.43714634587e-05,2.33906776017e-133,1.16393307203e-131,2.20707103716e-108,2.14943866268e-130,0.0,1.52833805768
111.578621,2.77086827026e-10,0.000153687081543,-2.03381852159e-05,4.1461766759e-135,2.06304862645e-133,-1.86888533835e-109,3.81004457916e-132,0.0,1.52787099992
112.10493525,2.75550568329e-10,2.79933184972e-05,-3.70447532493e-06,7.3481434636e-137,3.6562428236e-135,1.58250015289e-110,6.75242671234e-134,0.0,1.52912246911
112.6312495,2.74030817656e-10,0.000197186209892,-2.60946516219e-05,1.30233203957e-138,6.47961009258e-137,-1.34000219521e-111,1.19675149058e-135,0.0,1.52741506951
113.15756375,2.72528027032e-10,9.20660741586e-05,-1.21835569382e-05,2.30768904361e-140,1.14812817136e-138,1.13464757011e-112,2.12060382136e-137,0.0,1.52829262444
113.683878,2.71041614428e-10,0.000101162582159,-1.33873453407e-05,4.08884021764e-142,2.03421926837e-140,-9.60758049662e-114,3.75735639314e-139,0.0,1.52816191895
114.21019225,2.6957141408e-10,7.08225803662e-05,-9.37229509072e-06,7.24404566474e-144,3.60386057918e-142,8.13512192316e-115,6.65676813311e-141,0.0,1.5284318719
114.7365065,2.68117055449e-10,8.19789716883e-05,-1.08486785741e-05,1.2833280366e-145,6.38428090975e-144,-6.88830344454e-116,1.17928814434e-142,0.0,1.52828309097
115.26282075,2.66678455794e-10,2.46179242125e-05,-3.25779267173e-06,2.27329408992e-147,1.13090516365e-145,5.83254051628e-117,2.08899727085e-144,0.0,1.52892360042
115.789135,2.65255234673e-10,1.61336911989e-05,-2.1350300829e-06,4.02683005342e-149,2.00323279512e-147,-4.9385848807e-118,3.70037340107e-146,0.0,1.52903782173
116.31544925,2.63846922715e-10,9.81408764504e-05,-1.29874679784e-05,7.13307676372e-151,3.54837917766e-149,4.1816484818e-119,6.55479549598e-148,0.0,1.52806569627
116.8417635,2.62453575815e-10,6.51123330578e-05,-8.61662901433e-06,1.26342483555e-152,6.28481630841e-151,-3.54070359743e-120,1.16099849861e-149,0.0,1.52836924519
117.36807775,2.61074761542e-10,0.000110687068608,-1.46477711673e-05,2.23771354879e-154,1.11309122527e-152,2.99799036492e-121,2.05630124938e-151,0.0,1.52787223054
117.894392,2.5971049772e-10,5.76040912492e-05,-7.62302454849e-06,3.96287987555e-156,1.97118952703e-154,-2.53844308499e-122,3.64160767379e-153,0.0,1.52837788737
118.42070625,2.58360487991e-10,3.05840640943e-05,-4.04732381489e-06,7.01765760129e-158,3.49063959266e-156,2.1493287211e-123,6.44873338327e-155,0.0,1.5286827663
118.9470205,2.57023971505e-10,0.000225413946268,-2.98301765527e-05,1.24276933609e-159,6.18114221418e-158,-1.81986444184e-124,1.14201754385e-156,0.0,1.52677466243
119.47333475,2.55698134438e-10,0.00150642242426,-0.000199352697621,9.02724693691e-161,4.48756837842e-159,9.7115907532e-127,8.29540451758e-158,0.0,1.51880487799
119.999649,2.5438086325e-10,0.00357224549928,-0.00047273382013,6.56135579935e-162,3.25740148382e-160,-2.81125436196e-129,6.02942412712e-159,0.0,1.50849121968
120.52596325,2.5307138429e-10,0.00597298942417,-0.000790436762333,5.33615576169e-163,2.64331831955e-161,-1.82799270698e-131,4.90355152926e-160,0.0,1.49722586548
121.0522775,2.51768653139e-10,0.00881861498274,-0.00116701320721,4.64530392506e-164,2.2935971219e-162,-3.13576746333e-133,4.2687073168e-161,0.0,1.48414962383
121.57859175,2.50471698129e-10,0.0120993540452,-0.0016011704873,3.78627847834e-165,1.86100693491e-163,-1.71084713809e-135,3.47932339606e-162,0.0,1.4690543347
122.104906,2.49178581143e-10,0.016208424414,-0.00214494516153,3.06577375051e-166,1.49765609398e-164,-1.0828710845e-138,2.81723026658e-163,0.0,1.45050611708
122.63122025,2.4789031176e-10,0.0200192305534,-0.00264924897749,2.50381792897e-167,1.21381057746e-165,1.92055400502e-141,2.30083242235e-164,0.0,1.43159791732
123.1575345,2.46607945511e-10,0.02349654685,-0.00310942034638,2.10416443572e-168,1.01084619517e-166,7.16929894625e-144,1.93357899353e-165,0.0,1.41228154495
123.68384875,2.45331279034e-10,0.027113305116,-0.00358804479702,1.76399220498e-169,8.38435759252e-168,4.00761859157e-146,1.6209846584e-166,0.0,1.39121267607
124.210163,2.44062691855e-10,0.0298602411242,-0.00395156113991,1.47237327455e-170,6.91659012528e-169,1.77069493317e-148,1.35300738888e-167,0.0,1.37102090834
124.73647725,2.42802693012e-10,0.0324262234141,-0.00429113093519,1.21599372402e-171,5.63854059234e-170,5.85732300457e-151,1.11741262922e-168,0.0,1.35009679844
125.2627915,2.41552734898e-10,0.0344314995657,-0.0045564995681,9.99479214427e-173,4.57026955074e-171,2.02234793712e-153,9.18451036176e-170,0.0,1.32948019433
125.78910575,2.40312414169e-10,0.0365736840421,-0.0048399859924,8.00452118042e-174,3.60558679386e-172,-5.73119227097e-157,7.35559145144e-171,0.0,1.30754427146
126.31542,2.39083762856e-10,0.0379058185546,-0.00501627428778,6.39091369036e-175,2.8332223543e-173,2.63136816384e-160,5.87279975967e-172,0.0,1.2866721745
126.84173425,2.37867051633e-10,0.0390801321958,-0.00517167732561,5.0833371373e-176,2.21691682337e-174,-2.99857717684e-165,4.67122895693e-173,0.0,1.26551836756
127.3680485,2.36663376868e-10,0.0397672530922,-0.00526260761117,4.01984842679e-177,1.72345227557e-175,-1.54456071608e-169,3.69395769939e-174,0.0,1.24499372461
127.89436275,2.3547288452e-10,0.0403187533851,-0.00533559051619,3.16015396588e-178,1.33128495172e-176,-1.47762357206e-173,2.90395901134e-175,0.0,1.22441739541
128.420677,2.34295755238e-10,0.0407167022697,-0.00538825316397,2.46956288666e-179,1.0217914246e-177,-4.63259967823e-178,2.26935442701e-176,0.0,1.20389669163
128.94699125,2.33131869026e-10,0.0410739182826,-0.00543552541877,1.91836095636e-180,7.79217537194e-179,1.07783381069e-178,1.76283865806e-177,0.0,1.18321398316
129.4733055,2.31981710467e-10,0.0411538604936,-0.00544610458785,1.48115054985e-181,5.90432173989e-180,8.18703738193e-180,1.36107307478e-178,0.0,1.16299369035
129.99961975,2.30845970883e-10,0.0408662141667,-0.005408038852,1.13652463826e-182,4.44549145972e-181,6.16248606298e-181,1.04438612456e-179,0.0,1.14360626269
130.525934,2.29724167936e-10,0.0406587889557,-0.00538058919406,8.66743548446e-184,3.32591035504e-182,4.609215858e-182,7.96476296513e-181,0.0,1.12408777623
131.05224825,2.28616471643e-10,0.0402814762281,-0.0053306574366,6.56934044896e-185,2.47265510989e-183,3.42576476507e-183,6.03676134225e-182,0.0,1.10504337692
131.5785625,2.27522554746e-10,0.039925616093,-0.00528356461238,4.94872267109e-186,1.82681230364e-184,2.53027500165e-184,4.54752770411e-183,0.0,1.08606803313
132.10487675,2.26443471113e-10,0.0390511482679,-0.00516784173264,3.70485246329e-187,1.34147434018e-185,1.8574830486e-185,3.40449855896e-184,0.0,1.06855573898
132.631191,2.25377524185e-10,0.038724470283,-0.00512461073428,2.75715544399e-188,9.79073616534e-187,1.35532395953e-186,2.5336317225e-185,0.0,1.0500049821
133.15750525,2.24326067539e-10,0.037766319283,-0.00499781362432,2.0395734722e-189,7.10414970902e-188,9.83132036751e-188,1.87422441363e-186,0.0,1.03321267058
133.6838195,2.23287443035e-10,0.0373452563486,-0.00494209217421,1.50003232422e-190,5.12445998305e-189,7.08982989491e-189,1.37842408687e-187,0.0,1.0154499632
134.21013375,2.22262353153e-10,0.0365506091625,-0.00483693237518,1.09688142689e-191,3.67558663748e-190,5.08388788333e-190,1.00795679776e-188,0.0,0.998833429612
134.736448,2.21250697374e-10,0.0356886966179,-0.00472287100104,7.97588022361e-193,2.6219859307e-191,3.62562876451e-191,7.32927232237e-190,0.0,0.9827581776
135.26276225,2.20251492206e-10,0.0351107626254,-0.00464638998713,5.76789128883e-194,1.86017707362e-192,2.57158029711e-192,5.30028595752e-191,0.0,0.966327591447
135.7890765,2.19264904261e-10,0.0343726942091,-0.00454871755124,4.14877945542e-195,1.31276135545e-193,1.81436215652e-193,3.8124361868e-192,0.0,0.950578054583
136.31539075,2.18290624283e-10,0.0336604928616,-0.00445446823924,2.96852806909e-196,9.21669196128e-195,1.27353062918e-194,2.72786826702e-193,0.0,0.935100529895
136.841705,2.17328225111e-10,0.0330246987148,-0.00437033028988,2.10893575841e-197,6.42390273662e-196,8.87625966019e-196,1.93796346005e-194,0.0,0.919746877124
137.36801925,2.1637763052e-10,0.0323302862538,-0.00427843507383,1.48895788624e-198,4.45079099655e-197,6.14852579954e-197,1.36824745057e-195,0.0,0.904844264284
137.8943335,2.15438952673e-10,0.0315015179106,-0.00416875984442,1.04473276152e-199,3.06610504516e-198,4.23344928352e-198,9.60035840906e-197,0.0,0.890635361035
138.42064775,2.14511466115e-10,0.0308722526128,-0.00408548589163,7.28860258798e-201,2.09980942119e-199,2.89855893793e-199,6.69771253185e-198,0.0,0.876282251873
138.946962,2.13595123835e-10,0.0301790537599,-0.00399375127866,5.05569270195e-202,1.42996731756e-200,1.97343356067e-200,4.64582557942e-199,0.0,0.862402064494
139.47327625,2.12689525937e-10,0.0295639959016,-0.00391235747032,3.48770569543e-203,9.68576551612e-202,1.33638239003e-201,3.20495593312e-200,0.0,0.848639605283
139.9995905,2.11795050441e-10,0.028717196782,-0.00380029613439,2.39221205143e-204,6.52455102128e-203,8.99995195265e-203,2.19827441628e-201,0.0,0.835816799239
140.52590475,2.10911467024e-10,0.0278782654915,-0.00368927598925,1.58954379961e-205,4.25883618227e-204,5.87264455728e-204,1.46067881548e-202,0.0,0.823397681456
141.052219,2.10038862598e-10,0.0269207848979,-0.00356256759764,1.08125001121e-206,2.84689081891e-205,3.92514538258e-205,9.93592617478e-204,0.0,0.811738388505
141.57853325,2.09175618652e-10,0.0265374712594,-0.00351184170837,7.32316687701e-208,1.89478996319e-206,2.61196631382e-206,6.72947464951e-205,0.0,0.79894162052
142.1048475,2.08322288166e-10,0.025864656482,-0.00342280462622,4.93835488097e-209,1.25586665384e-207,1.73086757493e-207,4.53800036456e-206,0.0,0.787145857113
142.63116175,2.07478931091e-10,0.0250949172784,-0.00332094103016,3.35779822407e-210,8.39520800763e-209,1.15710629943e-208,3.08558010131e-207,0.0,0.77596704897
143.157476,2.06644146404e-10,0.0248259409206,-0.0032853459885,2.27212384264e-211,5.58461258789e-210,7.69591861469e-210,2.08792179984e-208,0.0,0.763739331169
143.68379025,2.05818543153e-10,0.0242513013771,-0.00320930094615,1.51804170719e-212,3.66854277859e-211,5.05330698982e-211,1.39497342168e-209,0.0,0.752513273432
144.2101045,2.0500210275e-10,0.023618982688,-0.0031256229222,1.00945596017e-213,2.39901771456e-212,3.30393734291e-212,9.27618936376e-211,0.0,0.741744082963
144.73641875,2.04193931202e-10,0.0232907185227,-0.00308218201631,6.68645051526e-215,1.56268884642e-213,2.15180452239e-213,6.14437712533e-212,0.0,0.730409442558
145.262733,2.03394330852e-10,0.0227832422038,-0.00301502503314,4.41141278451e-216,1.01400460422e-214,1.396035588e-214,4.05377766912e-213,0.0,0.719754759914
145.78904725,2.02603492842e-10,0.0221372647727,-0.00292953947673,2.89911896903e-217,6.55568513229e-216,9.02398987313e-216,2.66408615622e-214,0.0,0.709764634422
146.3153615,2.01820801328e-10,0.021685267981,-0.00286972438822,1.93595069778e-218,4.30706402422e-217,5.92991588394e-217,1.77900234678e-215,0.0,0.699535236172
146.84167575,2.01045843938e-10,0.0213504875555,-0.00282542115169,1.28458467173e-219,2.81185677444e-218,3.87058878708e-218,1.18044284221e-216,0.0,0.689184597394
147.36799,2.00279090826e-10,0.0207689753197,-0.00274846661019,8.43915586043e-221,1.81789412708e-219,2.501723153e-219,7.75498987504e-218,0.0,0.679734746463
147.89430425,1.99520120053e-10,0.0203072207601,-0.00268736022546,5.50057094339e-222,1.16620682592e-220,1.60455238843e-220,5.05463729421e-219,0.0,0.670228487138
148.4206185,1.98768860738e-10,0.0198230365529,-0.00262328560868,3.55700242703e-223,7.42371264062e-222,1.0211916862e-221,3.26863471012e-220,0.0,0.661027144053
148.94693275,1.98024958274e-10,0.019436409688,-0.0025721212629,2.28552038448e-224,4.69603486875e-223,6.45862139214e-223,2.1002322623e-221,0.0,0.651780554898
149.473247,1.97288452374e-10,0.0189850999521,-0.00251239709606,1.45846925897e-225,2.95066144539e-224,4.05738057776e-224,1.34023052693e-222,0.0,0.642928159944
149.99956125,1.96559689693e-10,0.0183374096819,-0.00242668487074,9.03548514551e-227,1.80049922364e-225,2.47542962309e-225,8.30297446112e-224,0.0,0.634913570951
150.5258755,1.95837075638e-10,0.0183131217298,-0.00242347071967,5.57955707156e-228,1.09490627578e-226,1.50518467658e-226,5.12721996579e-225,0.0,0.625324367238
151.05218975,1.95121803018e-10,0.0177470289552,-0.00234855671573,3.49170026757e-229,6.74900560509e-228,9.27689112689e-228,3.20862661407e-226,0.0,0.617406156734
151.578504,1.94413887116e-10,0.0171235950473,-0.00226605446111,2.17555529074e-230,4.14380325552e-229,5.69449031962e-229,1.99918207943e-227,0.0,0.609971142591
152.10481825,1.93712460778e-10,0.016820300725,-0.00222591794454,1.35089655745e-231,2.5356599868e-230,3.48407656482e-230,1.24137878662e-228,0.0,0.601870910008
152.6311325,1.93017559653e-10,0.0164613978359,-0.00217842245681,8.35912274255e-233,1.54640813941e-231,2.12452214071e-231,7.68144502506e-230,0.0,0.594101144892
153.15744675,1.92329445272e-10,0.0159482527813,-0.00211051530032,5.15398619374e-234,9.39993865397e-233,1.2912169565e-232,4.73615028763e-231,0.0,0.587007510931
153.683761,1.91647608659e-10,0.0156093449867,-0.00206566586754,3.1686024562e-235,5.69804230306e-234,7.82613167047e-234,2.91172247277e-232,0.0,0.579636894351
154.21007525,1.90972119822e-10,0.0152006687141,-0.00201158360884,1.9452466526e-236,3.44957870963e-235,4.73783586885e-235,1.7875446567e-233,0.0,0.572667742593
154.7363895,1.90302807494e-10,0.0148254048053,-0.0019619229822,1.19251395192e-237,2.08585274227e-236,2.86464877692e-236,1.09583632419e-234,0.0,0.565810295336
155.26270375,1.89639666318e-10,0.0144131366658,-0.00190736539305,7.30644435494e-239,1.26081497499e-237,1.73150688943e-237,6.71410771072e-236,0.0,0.559273371365
155.789018,1.88982540897e-10,0.0140289082037,-0.00185651844039,4.47652826204e-240,7.6225540209e-239,1.04681254265e-238,4.11361415242e-237,0.0,0.552868203034
156.31533225,1.88331442302e-10,0.0136013862632,-0.00179994223635,2.78471469055e-241,4.67996801371e-240,6.42605206718e-240,2.55895664758e-238,0.0,0.546812478733
156.8416465,1.8768629226e-10,0.013169060302,-0.00174273029123,1.72274360747e-242,2.8585103268e-241,3.92411818546e-241,1.58308002561e-239,0.0,0.541006385881
157.36796075,1.8704691362e-10,0.0127761361435,-0.0016907325918,1.0612113264e-243,1.73890384612e-242,2.38674222736e-242,9.75178456874e-241,0.0,0.535306901015
157.894275,1.86413486616e-10,0.0122649769609,-0.00162308823608,6.40071954974e-245,1.03613929926e-243,1.42206511948e-243,5.8818103937e-242,0.0,0.530217830184
158.42058925,1.85785834932e-10,0.0117932125939,-0.00156065720142,3.84515440219e-246,6.15101432211e-245,8.44153506096e-245,3.53342603724e-243,0.0,0.525282244273
158.9469035,1.85163586262e-10,0.011449120863,-0.00151512175136,2.29006295947e-247,3.62122034928e-246,4.96872797095e-246,2.10440654303e-244,0.0,0.520176143482
159.47321775,1.84546625023e-10,0.0111240448617,-0.00147210275179,1.53255774991e-248,2.39599081626e-247,3.28895222321e-247,1.4083126148e-245,0.0,0.515194445618
159.999532,1.83934814393e-10,0.0108266674909,-0.00143274925618,1.03275238007e-249,1.59662869017e-248,2.19204469549e-248,9.49026686924e-247,0.0,0.51029581691
160.52584625,1.83328466018e-10,0.0103576503974,-0.00137068178252,6.8978703095e-251,1.054920588e-249,1.44793122758e-249,6.33865690265e-248,0.0,0.506155092158
161.0521605,1.82726920726e-10,0.0101499905317,-0.00134320107144,4.58674155163e-252,6.93990193303e-251,9.52412775456e-251,4.21489237615e-249,0.0,0.50136621943
161.57847475,1.82130395605e-10,0.00981645956918,-0.00129906318284,3.03357372294e-253,4.54194278202e-252,6.23264647241e-252,2.78764055171e-250,0.0,0.497130734878
162.104789,1.81538489205e-10,0.00963423115457,-0.0012749479481,2.00100829556e-254,2.96502684223e-253,4.06846550812e-253,1.83878566176e-251,0.0,0.492546320486
162.63110325,1.80951424839e-10,0.00932428244681,-0.00123393082203,1.31706327307e-255,1.9322887852e-254,2.65067120256e-254,1.21028836616e-252,0.0,0.488512799675
163.1574175,1.80368988379e-10,0.00908261468966,-0.00120194966964,8.65978338528e-257,1.25795344692e-255,1.7254860575e-255,7.95773087956e-254,0.0,0.484407833455
163.68373175,1.79791269759e-10,0.00877260905283,-0.00116092500985,5.36378263693e-258,7.7167192723e-257,1.05796682701e-256,4.92893838064e-255,0.0,0.480681537669
164.210046,1.79218184119e-10,0.00847274578797,-0.00112124254295,3.27144492716e-259,4.66246105099e-258,6.39106697824e-258,3.00622742261e-256,0.0,0.477092241177
164.73636025,1.78649636021e-10,0.00818875363915,-0.00108366038346,1.97010681648e-260,2.78217686093e-259,3.81305556861e-259,1.81038937397e-257,0.0,0.473613216335
165.2626745,1.7808552013e-10,0.00792622658462,-0.00104891881165,1.17472364005e-261,1.64417270026e-260,2.25309400641e-260,1.07948826746e-258,0.0,0.470214474475
165.78898875,1.7752571741e-10,0.00769271347067,-0.00101801680564,6.93051921768e-263,9.61511507958e-262,1.31759641532e-261,6.36865891131e-260,0.0,0.466855162892
166.315303,1.76970271168e-10,0.00741393116094,-0.000981124091285,4.0748015052e-264,5.60567702844e-263,7.68043242392e-263,3.74445551447e-261,0.0,0.46379476409
166.84161725,1.76419105298e-10,0.00714456507081,-0.000945477474285,2.38849993092e-265,3.25893306704e-264,4.46470204281e-264,2.19486316598e-262,0.0,0.460856509882
167.3679315,1.75872172036e-10,0.00687204804994,-0.000909413878217,1.39903263078e-266,1.89369634712e-265,2.59429106239e-265,1.28561242467e-263,0.0,0.458082602359
167.89424575,1.75329354444e-10,0.00662926037755,-0.000877284521607,8.2066094611e-268,1.10225146662e-266,1.51004817705e-266,7.54129592791e-265,0.0,0.455349785221
168.42056,1.74790580833e-10,0.00639622910135,-0.000846446279696,4.92748802419e-269,6.56827082687e-268,8.99870297938e-268,4.52801434334e-266,0.0,0.452716633453
168.94687425,1.74255848371e-10,0.00614093900301,-0.000812662411969,2.95567380033e-270,3.91140685921e-269,5.35819302308e-269,2.71605598812e-267,0.0,0.450301753982
169.4731885,1.73725114503e-10,0.00588199843829,-0.000778395459022,1.75463468529e-271,2.30674336458e-270,3.15853484505e-270,1.61238565664e-268,0.0,0.448046995951
169.99950275,1.73198275663e-10,0.00564873483029,-0.000747526471433,1.03870226893e-272,1.35584304622e-271,1.85685251585e-271,9.54494204963e-270,0.0,0.445839141364
170.525817,1.72675363151e-10,0.0053777346005,-0.000711663600223,6.14407569579e-274,7.96811763592e-273,1.09126102412e-272,5.64597268975e-271,0.0,0.443915473909
171.05213125,1.72156251914e-10,0.00514325740072,-0.000680634011714,3.64597530391e-275,4.69904555109e-274,6.43598777896e-274,3.35039442887e-272,0.0,0.442001524007
171.5784455,1.71640960076e-10,0.00487775544032,-0.000645498755116,2.14932514312e-276,2.75365643605e-275,3.77109674856e-275,1.97507837574e-273,0.0,0.440349438688
172.10475975,1.7112919433e-10,0.00473147815347,-0.000626141120262,1.25441364729e-277,1.59789491974e-276,2.18801655984e-276,1.15271776145e-274,0.0,0.438360888235
172.631074,1.70621183848e-10,0.00445472662092,-0.000589517149215,7.19991095502e-279,9.12124817061e-278,1.24884461758e-277,6.61621089024e-276,0.0,0.436996733851
173.15738825,1.70116871341e-10,0.00418305924636,-0.000553565991262,4.0713463589e-280,5.13138693694e-279,7.02490791725e-279,3.74128045068e-277,0.0,0.435775381691
173.6837025,1.69616240646e-10,0.0038968275109,-0.000515687455607,2.23721713469e-281,2.80581578876e-280,3.84095348783e-280,2.05584491893e-278,0.0,0.434778696254
174.21001675,1.69119230323e-10,0.00361812917383,-0.00047880585378,1.16774596918e-282,1.45815012808e-281,1.9951846616e-281,1.07307626909e-279,0.0,0.433922570072
174.736331,1.68625820009e-10,0.00332722630218,-0.000440309162355,5.79273302545e-284,7.2034887524e-283,9.85382023522e-283,5.32311350536e-281,0.0,0.433290755636
175.26264525,1.68135872206e-10,0.00308220459901,-0.000407884164815,2.84135375657e-285,3.51978547324e-284,4.81491220501e-284,2.61100390442e-282,0.0,0.432632057469
175.7889595,1.6764940553e-10,0.00280712007618,-0.00037148079784,1.33084722043e-286,1.64282148501e-285,2.24711081587e-285,1.22295482524e-283,0.0,0.432262578224
176.31527375,1.67166326933e-10,0.00255716683375,-0.000338403184035,6.12956281868e-288,7.54238307381e-287,1.03157868525e-286,5.63263634364e-285,0.0,0.431949327191
176.841588,1.66686544795e-10,0.00233274701058,-0.000308704540531,2.64610591274e-289,3.24651273829e-288,4.43921301488e-288,2.43158488884e-286,0.0,0.431672257337
177.36790225,1.66209966317e-10,0.00213582648025,-0.000282645021611,1.18079965248e-290,1.44484940232e-289,1.97630869382e-289,1.08507168073e-287,0.0,0.431403018509
177.8942165,1.65736521241e-10,0.0019566081003,-0.000258928120409,5.3875245893e-292,6.57610377447e-291,8.99441721051e-291,4.95075548648e-289,0.0,0.431170042531
178.42053075,1.65266156541e-10,0.00178623935824,-0.000236382337862,2.37264166479e-293,2.88965454662e-292,3.95170348463e-292,2.18029050976e-290,0.0,0.431005640389
178.946845,1.64798815972e-10,0.00162746086951,-0.000215370353876,1.07117738519e-294,1.30189839261e-293,1.78051497175e-293,9.84336539555e-292,0.0,0.430889973126
179.47315925,1.64334409051e-10,0.00149822800249,-0.00019826829583,4.72474306633e-296,5.73159010961e-295,7.83815083074e-295,4.34170596018e-293,0.0,0.430719427346
179.9994735,1.63872877683e-10,0.00137985090935,-0.000182602838856,2.17089565371e-297,2.62894243714e-296,3.59512174285e-296,1.99490013769e-294,0.0,0.430571623934
180.52578775,1.63414210221e-10,0.00125539687207,-0.000166133188228,9.63234774638e-299,1.16461803428e-297,1.59271819765e-297,8.85144884892e-296,0.0,0.430532538932
181.052102,1.6295835368e-10,0.00114322829156,-0.000151289336053,4.24375725396e-300,5.123656961e-299,7.00685057096e-299,3.89971388386e-297,0.0,0.430505255431
181.57841625,1.62505250572e-10,0.00104629235631,-0.000138461299127,1.74948423889e-301,2.10943823278e-300,2.88443379115e-300,1.60765273885e-298,0.0,0.43046336596
182.1047305,1.62054826892e-10,0.000973977497244,-0.000128891497391,7.0642581064e-303,8.50727289572e-302,1.16335778674e-301,6.4915554163e-300,0.0,0.430339631944
182.63104475,1.61607070209e-10,0.000894936410943,-0.000118431578988,2.93805541876e-304,3.53421853107e-303,4.83312486299e-303,2.69986589811e-301,0.0,0.430301364756
183.157359,1.6116192077e-10,0.000831676368992,-0.000110060048342,8.22673665355e-306,9.88536033417e-305,1.3514561065e-304,7.55979127888e-303,0.0,0.430217938228
183.68367325,1.60719365671e-10,0.000764573156823,-0.000101179930972,2.3027710943e-307,2.76438065693e-306,3.77982855768e-306,2.11608436734e-304,0.0,0.430198291214
184.2099875,1.60279362363e-10,0.00070728144944,-9.35982211099e-05,6.4438025986e-309,7.72863346827e-308,1.05671071516e-307,5.9214005125e-306,0.0,0.4301602498
184.73630175,1.59841886038e-10,0.00065079674629,-8.61233063191e-05,1.8026513475e-310,2.16031263133e-309,2.95382490288e-309,1.65650956e-307,0.0,0.43015382078
185.262616,1.59406900528e-10,0.000601392478416,-7.95853823896e-05,5.04161009457e-312,6.03733811059e-311,8.25491735602e-311,4.63288440479e-309,0.0,0.430137809066
185.78893025,1.58974376641e-10,0.000555692935804,-7.35377240409e-05,1.40968912079e-313,1.68692582889e-312,2.30657945401e-312,1.29540496341e-310,0.0,0.430129064076
186.3152445,1.58544275384e-10,0.000519262668983,-6.87167172142e-05,3.940780421e-315,4.71271417444e-314,6.44384220822e-314,3.62129950975e-312,0.0,0.430087032802
186.84155875,1.58116583004e-10,0.000478846495171,-6.33682345639e-05,1.10141718463e-316,1.31637378362e-315,1.79993497625e-315,1.01212485164e-313,0.0,0.430095583743
187.367873,1.57691260727e-10,0.000448072532191,-5.92957558712e-05,3.07779182208e-318,3.67639484166e-317,5.02690895667e-317,2.82827625506e-315,0.0,0.430062855285
187.89418725,1.57268290052e-10,0.000416185226748,-5.50759427739e-05,-4.89223802512e-320,-5.84054762575e-319,-7.99170944774e-319,-4.49544204737e-317,0.0,0.430057553649
188.4205015,1.56847647704e-10,0.000386145011889,-5.11005647896e-05,7.75683063971e-322,9.28349348536e-321,1.27221903804e-320,7.14873464281e-319,0.0,0.430059509958
188.94681575,1.56429294743e-10,0.000366626438796,-4.85175704366e-05,-1.48219693752e-323,-1.48219693752e-322,-2.37151510004e-322,-1.13980944496e-320,0.0,0.43000338861
189.47313,1.56013221578e-10,0.0003418830067,-4.52431432903e-05,0.0,0.0,1.97626258336e-323,1.58101006669e-322,0.0,0.429998225245
189.99944425,1.55599372149e-10,0.000337604330404,-4.46769238202e-05,0.0,0.0,0.0,9.88131291682e-324,0.0,0.429854391198
190.5257585,1.5518777136e-10,0.000309569174408,-4.09668857128e-05,0.0,0.0,0.0,0.0,0.0,0.429893204874
191.05207275,1.54778403574e-10,0.000279727066171,-3.7017724208e-05,0.0,0.0,0.0,0.0,0.0,0.429965319908
191.578387,1.54371218469e-10,0.000267546071444,-3.54057497993e-05,0.0,0.0,0.0,0.0,0.0,0.429917703491
192.10470125,1.53966201178e-10,0.000253796960241,-3.35862583732e-05,0.0,0.0,0.0,0.0,0.0,0.429890010794
192.6310155,1.53563336374e-10,0.000238799309996,-3.16015412754e-05,0.0,0.0,0.0,0.0,0.0,0.429881010216
193.15732975,1.53162613085e-10,0.000220157583825,-2.91345846388e-05,0.0,0.0,0.0,0.0,0.0,0.429911777663
193.683644,1.52763994659e-10,0.000212418319932,-2.81104075946e-05,0.0,0.0,0.0,0.0,0.0,0.429863453245
194.20995825,1.52367462582e-10,0.000205713082437,-2.72230686465e-05,0.0,0.0,0.0,0.0,0.0,0.429810958746
194.7362725,1.51973015786e-10,0.000190229079569,-2.51739899734e-05,0.0,0.0,0.0,0.0,0.0,0.429837406125
195.26258675,1.51580637074e-10,0.000175016718779,-2.31608591105e-05,0.0,0.0,0.0,0.0,0.0,0.429872045231
195.788901,1.51190287164e-10,0.000172861393309,-2.28756337074e-05,0.0,0.0,0.0,0.0,0.0,0.429801425382
196.31521525,1.50801967416e-10,0.000160870015559,-2.12887522985e-05,0.0,0.0,0.0,0.0,0.0,0.429819325353
196.8415295,1.50415654521e-10,0.000153077974198,-2.02575909359e-05,0.0,0.0,0.0,0.0,0.0,0.429807179876
197.36784375,1.50031328813e-10,0.00014760021699,-1.95326908434e-05,0.0,0.0,0.0,0.0,0.0,0.429778735063
197.894158,1.4964898185e-10,0.000138083101954,-1.82732415002e-05,0.0,0.0,0.0,0.0,0.0,0.429790896823
198.42047225,1.49268595431e-10,0.000130182527722,-1.72277174172e-05,0.0,0.0,0.0,0.0,0.0,0.429794180744
198.9467865,1.48890143978e-10,0.000128347353055,-1.69848592354e-05,0.0,0.0,0.0,0.0,0.0,0.429745016763
199.47310075,1.4851362013e-10,0.000122178971052,-1.61685651677e-05,0.0,0.0,0.0,0.0,0.0,0.429738075564
199.999415,1.48139023156e-10,0.000107739154013,-1.42576690395e-05,0.0,0.0,0.0,0.0,0.0,0.429815724715
200.52572925,1.47766307668e-10,0.000111191669662,-1.4714558445e-05,0.0,0.0,0.0,0.0,0.0,0.429726933271
201.0520435,1.47395469093e-10,0.000109030589504,-1.44285714923e-05,0.0,0.0,0.0,0.0,0.0,0.429691395966
201.57835775,1.47026513171e-10,9.50633839145e-05,-1.25802184972e-05,0.0,0.0,0.0,0.0,0.0,0.429775149693
202.104672,1.46659399973e-10,9.61746209044e-05,-1.27272743082e-05,0.0,0.0,0.0,0.0,0.0,0.42971546423
202.63098625,1.46294128523e-10,8.96728110372e-05,-1.18668559943e-05,0.0,0.0,0.0,0.0,0.0,0.429732799572
203.1573005,1.45930681808e-10,8.50045184615e-05,-1.12490765688e-05,0.0,0.0,0.0,0.0,0.0,0.429735477104
203.68361475,1.45569043127e-10,8.21222067871e-05,-1.08676452938e-05,0.0,0.0,0.0,0.0,0.0,0.42972237125
204.209929,1.45209203668e-10,7.64139155431e-05,-1.01122374298e-05,0.0,0.0,0.0,0.0,0.0,0.429741085535
204.73624325,1.44851146064e-10,7.3040210067e-05,-9.66577745446e-06,0.0,0.0,0.0,0.0,0.0,0.42973848647
205.2625575,1.44494849857e-10,7.40155680985e-05,-9.79485169451e-06,0.0,0.0,0.0,0.0,0.0,0.429690813183
205.78887175,1.4414031095e-10,6.96275086201e-05,-9.21415697286e-06,0.0,0.0,0.0,0.0,0.0,0.429700802192
206.315186,1.43787511489e-10,6.81608582624e-05,-9.02006752912e-06,0.0,0.0,0.0,0.0,0.0,0.42968148342
206.84150025,1.43436440026e-10,6.58733567203e-05,-8.71735057455e-06,0.0,0.0,0.0,0.0,0.0,0.42967208314
207.3678145,1.43087088319e-10,6.08585325539e-05,-8.05371281824e-06,0.0,0.0,0.0,0.0,0.0,0.429694715219
207.89412875,1.427394417e-10,5.70547416847e-05,-7.55033740274e-06,0.0,0.0,0.0,0.0,0.0,0.429707108087
208.420443,1.42393481416e-10,5.70805342402e-05,-7.55375069885e-06,0.0,0.0,0.0,0.0,0.0,0.429677838668
208.94675725,1.42049201604e-10,5.31792284816e-05,-7.03747063005e-06,0.0,0.0,0.0,0.0,0.0,0.429694
209.4730715,1.41706587389e-10,5.08789943377e-05,-6.73306870319e-06,0.0,0.0,0.0,0.0,0.0,0.429694
209.99938575,1.41365626476e-10,4.87021387027e-05,-6.44499409657e-06,0.0,0.0,0.0,0.0,0.0,0.429694
210.5257,1.41026306703e-10,4.66407905716e-05,-6.17220519913e-06,0.0,0.0,0.0,0.0,0.0,0.429694
